id,name,address,request_stop,install_year,electricity,rails
1,"пр. Рабочий, д. 725 стр. 6","пр. Рабочий, д. 725 стр. 6",True,1985-12-16,True,False
2,"ш. Красноармейское, д. 7/6","ш. Красноармейское, д. 7/6",True,1982-10-26,True,False
3,"ул. Огородная, д. 52 стр. 5","ул. Огородная, д. 52 стр. 5",True,1972-12-30,True,False
4,"наб. Кирпичная, д. 74 стр. 66","наб. Кирпичная, д. 74 стр. 66",False,1976-09-05,False,True
5,"пр. Донской, д. 986","пр. Донской, д. 986",True,2000-07-23,True,True
6,"ш. Монтажников, д. 265","ш. Монтажников, д. 265",False,1990-07-06,True,True
7,"ул. Уральская, д. 129 к. 863","ул. Уральская, д. 129 к. 863",True,1983-06-22,False,False
8,"пр. Коммунальный, д. 357 стр. 10","пр. Коммунальный, д. 357 стр. 10",False,1989-12-03,True,False
9,"ш. Овражное, д. 66 стр. 7/9","ш. Овражное, д. 66 стр. 7/9",False,2019-09-05,True,False
10,"бул. Гражданский, д. 218 стр. 89","бул. Гражданский, д. 218 стр. 89",False,1985-03-04,False,True
11,"пер. Кошевого, д. 8","пер. Кошевого, д. 8",False,1979-01-14,False,False
12,"ш. Славянское, д. 6/5","ш. Славянское, д. 6/5",False,1991-05-21,True,False
13,"пер. Покровский, д. 66 к. 89","пер. Покровский, д. 66 к. 89",True,2008-12-01,True,False
14,"наб. Кошевого, д. 3/3 стр. 2/7","наб. Кошевого, д. 3/3 стр. 2/7",True,2019-03-23,True,True
15,"наб. Парижской Коммуны, д. 5 к. 80","наб. Парижской Коммуны, д. 5 к. 80",True,2013-11-30,False,True
16,"наб. Нефтяников, д. 1","наб. Нефтяников, д. 1",True,2017-05-11,False,False
17,"ул. Дальняя, д. 95 стр. 525","ул. Дальняя, д. 95 стр. 525",True,1994-07-21,True,False
18,"бул. Енисейский, д. 49","бул. Енисейский, д. 49",False,1981-03-26,False,True
19,"наб. Привокзальная, д. 81 к. 88","наб. Привокзальная, д. 81 к. 88",False,2005-08-24,False,False
20,"ул. Минина, д. 2/2 стр. 9","ул. Минина, д. 2/2 стр. 9",True,2008-04-01,True,True
21,"бул. Павлика Морозова, д. 95 к. 8/5","бул. Павлика Морозова, д. 95 к. 8/5",True,2001-06-30,True,True
22,"бул. Дорожный, д. 6","бул. Дорожный, д. 6",True,1996-04-30,False,True
23,"пр. Проточный, д. 42 стр. 7/1","пр. Проточный, д. 42 стр. 7/1",False,2013-08-17,True,False
24,"алл. Путевая, д. 2","алл. Путевая, д. 2",True,2017-06-08,False,True
25,"пер. Октября, д. 39","пер. Октября, д. 39",False,2005-09-06,True,False
26,"пр. Тенистый, д. 313","пр. Тенистый, д. 313",True,1989-04-08,False,True
27,"алл. Кубанская, д. 33 к. 3/8","алл. Кубанская, д. 33 к. 3/8",False,1993-05-10,False,False
28,"алл. Нефтяников, д. 391","алл. Нефтяников, д. 391",True,2015-10-12,True,False
29,"пр. Прохладный, д. 5 стр. 4/9","пр. Прохладный, д. 5 стр. 4/9",False,2014-03-26,False,False
30,"бул. Братский, д. 3/5","бул. Братский, д. 3/5",False,2001-05-21,False,False
31,"пр. Песочный, д. 4 стр. 73","пр. Песочный, д. 4 стр. 73",False,1984-12-27,True,True
32,"ш. Социалистическое, д. 9/1","ш. Социалистическое, д. 9/1",False,1995-11-25,False,True
33,"алл. Логовая, д. 345","алл. Логовая, д. 345",False,2018-11-12,True,False
34,"бул. Горный, д. 951 к. 6/1","бул. Горный, д. 951 к. 6/1",False,2006-07-31,True,True
35,"пр. Ростовский, д. 8","пр. Ростовский, д. 8",True,2010-10-21,False,True
36,"ш. Победа, д. 2/1","ш. Победа, д. 2/1",False,2019-12-12,True,False
37,"ш. ДОС, д. 9","ш. ДОС, д. 9",True,1988-08-30,True,False
38,"алл. Подгорная, д. 4 стр. 6","алл. Подгорная, д. 4 стр. 6",False,2000-09-25,True,False
39,"пр. Приозерный, д. 741","пр. Приозерный, д. 741",False,1986-04-01,False,False
40,"наб. Аэродромная, д. 16","наб. Аэродромная, д. 16",False,2016-08-15,True,True
41,"наб. Герцена, д. 2 стр. 463","наб. Герцена, д. 2 стр. 463",True,2018-08-08,True,True
42,"алл. Приморская, д. 504","алл. Приморская, д. 504",False,2001-02-19,True,False
43,"наб. Коммунистическая, д. 7/4 к. 7/5","наб. Коммунистическая, д. 7/4 к. 7/5",False,1971-07-19,False,False
44,"наб. Попова, д. 1/2 к. 7/7","наб. Попова, д. 1/2 к. 7/7",False,1985-01-23,True,False
45,"ул. Почтовая, д. 1 к. 131","ул. Почтовая, д. 1 к. 131",True,1997-11-12,False,False
46,"ул. Гражданская, д. 6/2","ул. Гражданская, д. 6/2",False,2016-06-23,False,False
47,"наб. Клары Цеткин, д. 1","наб. Клары Цеткин, д. 1",False,1970-05-11,True,True
48,"бул. Раздольный, д. 9/7","бул. Раздольный, д. 9/7",False,2002-01-15,False,False
49,"пр. Сурикова, д. 4/8 к. 9","пр. Сурикова, д. 4/8 к. 9",True,2010-09-02,True,True
50,"алл. Машиностроителей, д. 75","алл. Машиностроителей, д. 75",False,2014-10-24,False,True
51,"ш. Ермака, д. 1/2 к. 363","ш. Ермака, д. 1/2 к. 363",False,2000-01-25,True,True
52,"наб. Запрудная, д. 88 к. 98","наб. Запрудная, д. 88 к. 98",True,1986-07-19,True,False
53,"наб. Шевченко, д. 6/7 к. 4","наб. Шевченко, д. 6/7 к. 4",False,1982-09-04,True,True
54,"пер. Космонавтов, д. 886","пер. Космонавтов, д. 886",False,2009-10-26,True,False
55,"ул. Ветеранов, д. 375 стр. 2","ул. Ветеранов, д. 375 стр. 2",False,2007-08-12,False,True
56,"ш. Хвойное, д. 110 стр. 9/5","ш. Хвойное, д. 110 стр. 9/5",False,2003-02-01,False,False
57,"пр. Герцена, д. 4/7 стр. 9/8","пр. Герцена, д. 4/7 стр. 9/8",True,1972-11-14,False,False
58,"пр. Шахтерский, д. 3/6","пр. Шахтерский, д. 3/6",True,1971-02-22,True,False
59,"ул. Пирогова, д. 6/9 к. 735","ул. Пирогова, д. 6/9 к. 735",False,1990-01-11,True,True
60,"бул. Короткий, д. 3","бул. Короткий, д. 3",True,1990-03-21,False,False
61,"пр. Профсоюзный, д. 84 стр. 7","пр. Профсоюзный, д. 84 стр. 7",True,1974-10-06,True,True
62,"пр. Строительный, д. 46 к. 5/5","пр. Строительный, д. 46 к. 5/5",False,1992-02-03,False,False
63,"алл. Химиков, д. 5/4 к. 319","алл. Химиков, д. 5/4 к. 319",False,2017-10-15,True,True
64,"пр. Смоленский, д. 703","пр. Смоленский, д. 703",True,2014-08-02,True,False
65,"бул. Почтовый, д. 440","бул. Почтовый, д. 440",True,2020-05-27,False,True
66,"наб. Тракторная, д. 149 стр. 419","наб. Тракторная, д. 149 стр. 419",True,1988-01-24,True,False
67,"ул. Фрунзе, д. 90 к. 7/3","ул. Фрунзе, д. 90 к. 7/3",False,1998-10-23,True,False
68,"ш. Мелиоративное, д. 6/7 стр. 6","ш. Мелиоративное, д. 6/7 стр. 6",True,2018-03-13,True,True
69,"бул. Подлесный, д. 384 стр. 548","бул. Подлесный, д. 384 стр. 548",True,1994-12-04,False,True
70,"пер. Березовый, д. 7 стр. 863","пер. Березовый, д. 7 стр. 863",True,2008-03-01,False,True
71,"наб. Р.Люксембург, д. 7/9 к. 8/5","наб. Р.Люксембург, д. 7/9 к. 8/5",True,2001-12-22,False,True
72,"наб. Пушкина, д. 7/1 к. 73","наб. Пушкина, д. 7/1 к. 73",True,1971-09-19,True,False
73,"пр. 60 лет Октября, д. 7/2 стр. 9","пр. 60 лет Октября, д. 7/2 стр. 9",True,1976-09-03,False,False
74,"алл. Советов, д. 30","алл. Советов, д. 30",False,1980-06-10,True,False
75,"ул. Новгородская, д. 1 к. 227","ул. Новгородская, д. 1 к. 227",True,2006-12-21,True,False
76,"ул. Рябиновая, д. 3","ул. Рябиновая, д. 3",False,2020-01-17,False,True
77,"алл. Суворова, д. 534 стр. 529","алл. Суворова, д. 534 стр. 529",False,1983-03-23,False,True
78,"наб. Тимирязева, д. 903 к. 4/7","наб. Тимирязева, д. 903 к. 4/7",False,1985-03-17,False,True
79,"алл. Ольховая, д. 1/9 к. 7","алл. Ольховая, д. 1/9 к. 7",False,1977-08-26,False,True
80,"пр. Степной, д. 2/3","пр. Степной, д. 2/3",True,2008-12-06,False,True
81,"пер. Портовый, д. 1 к. 60","пер. Портовый, д. 1 к. 60",False,1984-01-08,False,False
82,"ш. Камское, д. 434","ш. Камское, д. 434",True,2012-10-31,True,True
83,"бул. 50 лет ВЛКСМ, д. 256 к. 5","бул. 50 лет ВЛКСМ, д. 256 к. 5",True,1973-02-12,True,True
84,"пр. Космонавтов, д. 7 к. 7","пр. Космонавтов, д. 7 к. 7",True,2004-04-27,False,True
85,"наб. Кузнецкая, д. 4/7","наб. Кузнецкая, д. 4/7",True,2008-11-20,True,True
86,"наб. Леонова, д. 423 стр. 7","наб. Леонова, д. 423 стр. 7",True,1996-04-07,False,True
87,"наб. Фабричная, д. 53 стр. 111","наб. Фабричная, д. 53 стр. 111",True,2000-01-01,True,True
88,"ш. Нефтяников, д. 775 к. 435","ш. Нефтяников, д. 775 к. 435",True,1993-05-21,True,False
89,"наб. Локомотивная, д. 28 к. 8","наб. Локомотивная, д. 28 к. 8",False,2012-12-26,False,True
90,"алл. Красногвардейская, д. 470 к. 37","алл. Красногвардейская, д. 470 к. 37",False,1976-12-05,True,False
91,"пер. Демьяна Бедного, д. 5 стр. 70","пер. Демьяна Бедного, д. 5 стр. 70",False,1987-10-22,True,True
92,"алл. 70 лет Октября, д. 72 к. 431","алл. 70 лет Октября, д. 72 к. 431",True,2013-06-08,False,True
93,"наб. 1 Мая, д. 615","наб. 1 Мая, д. 615",True,1985-11-15,True,True
94,"пер. Детский, д. 421 к. 7","пер. Детский, д. 421 к. 7",True,1997-04-02,False,True
95,"пр. Театральный, д. 3 к. 5/8","пр. Театральный, д. 3 к. 5/8",True,1972-09-28,True,False
96,"ул. Привольная, д. 84 к. 3/7","ул. Привольная, д. 84 к. 3/7",True,1984-07-20,True,True
97,"ш. Механизаторов, д. 750","ш. Механизаторов, д. 750",False,2012-05-28,True,False
98,"пр. Мелиораторов, д. 3/7","пр. Мелиораторов, д. 3/7",True,1979-04-08,False,True
99,"ул. Шахтерская, д. 192 к. 52","ул. Шахтерская, д. 192 к. 52",False,1977-09-21,True,False
100,"ш. Ключевое, д. 345","ш. Ключевое, д. 345",False,2011-06-08,False,False
101,"алл. Придорожная, д. 414 стр. 2","алл. Придорожная, д. 414 стр. 2",False,2004-01-08,True,False
102,"ул. Радужная, д. 66 стр. 194","ул. Радужная, д. 66 стр. 194",True,1971-04-30,True,False
103,"алл. Ягодная, д. 9/5 стр. 8","алл. Ягодная, д. 9/5 стр. 8",True,2007-06-05,False,False
104,"ул. Энергетиков, д. 42 к. 5","ул. Энергетиков, д. 42 к. 5",True,1974-05-17,True,True
105,"пр. Болотный, д. 8","пр. Болотный, д. 8",False,1998-09-19,False,False
106,"наб. Геологов, д. 134 стр. 9/8","наб. Геологов, д. 134 стр. 9/8",True,1996-10-06,False,True
107,"алл. Космонавтов, д. 4 к. 26","алл. Космонавтов, д. 4 к. 26",True,1974-08-15,False,False
108,"алл. Трудовая, д. 57 к. 2","алл. Трудовая, д. 57 к. 2",False,1997-05-06,True,True
109,"пр. Первомайский, д. 860 к. 237","пр. Первомайский, д. 860 к. 237",False,2017-07-22,False,False
110,"ш. Кузнецова, д. 6/3 к. 2/7","ш. Кузнецова, д. 6/3 к. 2/7",True,1974-02-12,True,True
111,"ш. Горное, д. 311","ш. Горное, д. 311",True,1995-03-19,True,False
112,"пр. Коллективный, д. 489 стр. 8/2","пр. Коллективный, д. 489 стр. 8/2",False,2015-09-20,False,False
113,"ш. Центральное, д. 81","ш. Центральное, д. 81",True,1989-02-20,True,True
114,"пер. Парковый, д. 4/3 к. 8/8","пер. Парковый, д. 4/3 к. 8/8",True,1997-08-30,True,True
115,"алл. Ленинградская, д. 165 к. 55","алл. Ленинградская, д. 165 к. 55",False,1983-01-17,True,True
116,"пер. 1 Мая, д. 406 к. 9","пер. 1 Мая, д. 406 к. 9",True,1980-07-05,True,True
117,"бул. Шмидта, д. 309 стр. 3","бул. Шмидта, д. 309 стр. 3",False,1998-03-17,False,True
118,"ул. Широкая, д. 8/1","ул. Широкая, д. 8/1",False,1989-10-06,True,True
119,"бул. Комарова, д. 2/8 стр. 606","бул. Комарова, д. 2/8 стр. 606",False,1976-07-25,True,True
120,"бул. Жуковского, д. 6/3 стр. 43","бул. Жуковского, д. 6/3 стр. 43",True,2005-03-24,True,True
121,"пр. Павлика Морозова, д. 636 стр. 44","пр. Павлика Морозова, д. 636 стр. 44",False,1973-05-05,False,True
122,"алл. Ивановская, д. 4 стр. 5","алл. Ивановская, д. 4 стр. 5",False,2012-01-11,True,False
123,"пер. Черняховского, д. 880 к. 4/5","пер. Черняховского, д. 880 к. 4/5",True,2014-05-31,True,True
124,"ул. Фурманова, д. 75","ул. Фурманова, д. 75",True,2015-12-09,False,True
125,"ш. Луначарского, д. 154","ш. Луначарского, д. 154",True,2021-07-06,True,True
126,"пр. Клары Цеткин, д. 885 стр. 1","пр. Клары Цеткин, д. 885 стр. 1",False,2020-12-16,False,True
127,"бул. Депутатский, д. 4/3","бул. Депутатский, д. 4/3",True,1971-05-08,False,True
128,"бул. Садовый, д. 60 стр. 9","бул. Садовый, д. 60 стр. 9",False,1971-09-08,False,True
129,"наб. Фадеева, д. 4/9","наб. Фадеева, д. 4/9",True,2003-09-29,True,False
130,"пр. Коминтерна, д. 5","пр. Коминтерна, д. 5",False,1981-12-12,True,True
131,"пр. Волкова, д. 37","пр. Волкова, д. 37",True,1970-05-09,False,True
132,"бул. Некрасова, д. 4/9 стр. 40","бул. Некрасова, д. 4/9 стр. 40",False,1976-07-05,True,True
133,"пр. Тимирязева, д. 88 стр. 5/1","пр. Тимирязева, д. 88 стр. 5/1",False,2013-08-25,True,True
134,"алл. Урицкого, д. 2","алл. Урицкого, д. 2",False,1987-02-17,True,True
135,"ш. Урицкого, д. 3 к. 707","ш. Урицкого, д. 3 к. 707",False,1989-09-01,True,False
136,"пер. Геологический, д. 2 к. 61","пер. Геологический, д. 2 к. 61",True,1976-03-18,False,False
137,"наб. Громова, д. 12 стр. 6","наб. Громова, д. 12 стр. 6",False,1994-08-14,True,False
138,"пер. Студенческий, д. 1/9 к. 6","пер. Студенческий, д. 1/9 к. 6",False,2016-11-29,True,False
139,"ш. Кочубея, д. 2/5 к. 23","ш. Кочубея, д. 2/5 к. 23",False,1978-12-18,False,True
140,"ш. Харьковское, д. 95 стр. 4","ш. Харьковское, д. 95 стр. 4",True,2018-07-10,True,False
141,"наб. Павлова, д. 31 стр. 3","наб. Павлова, д. 31 стр. 3",True,2021-02-22,False,True
142,"ш. Воровского, д. 86 к. 764","ш. Воровского, д. 86 к. 764",True,1980-02-08,False,False
143,"ул. Шмидта, д. 4/6 к. 2/7","ул. Шмидта, д. 4/6 к. 2/7",True,1995-10-04,False,True
144,"ш. Свердлова, д. 9","ш. Свердлова, д. 9",False,1970-06-24,True,False
145,"ул. Леонова, д. 628","ул. Леонова, д. 628",False,1971-05-07,False,False
146,"ул. Макаренко, д. 8","ул. Макаренко, д. 8",True,1985-08-15,True,False
147,"пер. Прудовой, д. 5/1","пер. Прудовой, д. 5/1",False,2013-05-12,False,True
148,"пр. Революции, д. 665 к. 8/4","пр. Революции, д. 665 к. 8/4",True,2003-12-17,True,True
149,"бул. Флотский, д. 6/1","бул. Флотский, д. 6/1",False,1984-08-05,True,True
150,"ш. Заозерное, д. 2 к. 7/3","ш. Заозерное, д. 2 к. 7/3",False,1995-10-06,False,True
151,"бул. Амурский, д. 9","бул. Амурский, д. 9",True,1982-04-14,True,True
152,"алл. Королева, д. 84 к. 2","алл. Королева, д. 84 к. 2",False,2019-05-19,False,False
153,"ш. Энергетическое, д. 109 стр. 2/9","ш. Энергетическое, д. 109 стр. 2/9",True,1996-10-22,False,False
154,"ш. Веселое, д. 891 стр. 5/3","ш. Веселое, д. 891 стр. 5/3",False,1977-03-29,True,True
155,"алл. Гражданская, д. 56","алл. Гражданская, д. 56",False,2018-04-09,True,False
156,"наб. Мичурина, д. 7","наб. Мичурина, д. 7",False,2020-05-14,False,False
157,"пр. Крестьянский, д. 8/1 стр. 93","пр. Крестьянский, д. 8/1 стр. 93",True,2021-06-02,False,False
158,"наб. Каштановая, д. 66","наб. Каштановая, д. 66",False,2003-06-03,True,True
159,"ул. М.Горького, д. 3/7 к. 41","ул. М.Горького, д. 3/7 к. 41",True,1991-03-20,False,True
160,"ул. Астраханская, д. 40 к. 697","ул. Астраханская, д. 40 к. 697",True,2002-07-13,False,False
161,"ш. Театральное, д. 7","ш. Театральное, д. 7",True,1979-02-06,False,False
162,"бул. Семашко, д. 8 к. 850","бул. Семашко, д. 8 к. 850",False,1970-05-03,True,False
163,"пр. Целинный, д. 8 к. 4","пр. Целинный, д. 8 к. 4",False,2018-09-08,True,True
164,"наб. Ветеранов, д. 7 стр. 5/9","наб. Ветеранов, д. 7 стр. 5/9",False,1983-06-16,True,False
165,"алл. Средняя, д. 396 к. 2/3","алл. Средняя, д. 396 к. 2/3",False,1988-11-12,True,True
166,"наб. Озерная, д. 121 к. 7","наб. Озерная, д. 121 к. 7",False,1986-04-14,True,False
167,"наб. Раздольная, д. 6","наб. Раздольная, д. 6",False,1993-05-20,True,False
168,"наб. Каштановая, д. 6/5","наб. Каштановая, д. 6/5",False,1986-04-04,True,False
169,"алл. Хвойная, д. 4/8","алл. Хвойная, д. 4/8",True,1993-02-26,False,False
170,"алл. Аэродромная, д. 4/4 стр. 34","алл. Аэродромная, д. 4/4 стр. 34",True,1971-01-20,True,False
171,"пер. Зои Космодемьянской, д. 4/1 стр. 5/9","пер. Зои Космодемьянской, д. 4/1 стр. 5/9",False,2018-02-27,False,False
172,"пр. Монтажников, д. 707 стр. 86","пр. Монтажников, д. 707 стр. 86",True,2017-12-03,True,True
173,"ул. 70 лет Октября, д. 25 к. 7/5","ул. 70 лет Октября, д. 25 к. 7/5",False,2018-01-27,True,False
174,"ул. Мирная, д. 857 к. 58","ул. Мирная, д. 857 к. 58",False,1975-05-26,True,False
175,"алл. Тополиная, д. 1 стр. 1/6","алл. Тополиная, д. 1 стр. 1/6",True,2016-03-20,True,True
176,"пр. Каштановый, д. 1","пр. Каштановый, д. 1",True,1975-04-19,False,True
177,"ш. Лазурное, д. 1/1 стр. 8","ш. Лазурное, д. 1/1 стр. 8",False,2006-02-04,True,False
178,"ш. Свободное, д. 95","ш. Свободное, д. 95",True,1988-08-10,False,False
179,"ул. Фабричная, д. 104 стр. 7/4","ул. Фабричная, д. 104 стр. 7/4",False,2019-09-23,False,False
180,"алл. Сахалинская, д. 1","алл. Сахалинская, д. 1",False,2005-07-29,True,True
181,"бул. Космодемьянской, д. 2","бул. Космодемьянской, д. 2",False,2013-01-24,True,True
182,"пр. Тукая, д. 30","пр. Тукая, д. 30",False,2016-03-14,False,True
183,"алл. Театральная, д. 5","алл. Театральная, д. 5",True,1982-01-27,False,False
184,"наб. Стадионная, д. 754","наб. Стадионная, д. 754",False,1984-06-07,True,True
185,"наб. Ермака, д. 44 стр. 18","наб. Ермака, д. 44 стр. 18",True,1993-04-09,False,True
186,"ш. Демьяна Бедного, д. 8 к. 9","ш. Демьяна Бедного, д. 8 к. 9",True,1981-12-16,False,True
187,"пр. Пирогова, д. 939 стр. 6/3","пр. Пирогова, д. 939 стр. 6/3",False,1997-11-15,True,True
188,"пр. Трактовый, д. 8/3 стр. 3","пр. Трактовый, д. 8/3 стр. 3",True,2013-09-17,False,False
189,"бул. Городской, д. 262","бул. Городской, д. 262",True,2009-06-09,False,True
190,"бул. Космонавтов, д. 4","бул. Космонавтов, д. 4",False,1971-03-20,False,True
191,"пр. 8-е Марта, д. 5","пр. 8-е Марта, д. 5",False,2005-08-16,False,False
192,"наб. Главная, д. 23 к. 3/1","наб. Главная, д. 23 к. 3/1",True,1989-06-16,True,True
193,"пер. Семашко, д. 4","пер. Семашко, д. 4",True,2020-08-11,False,False
194,"ул. Тюленина, д. 687 стр. 810","ул. Тюленина, д. 687 стр. 810",False,1984-02-21,True,False
195,"ш. Космическое, д. 43 стр. 8/4","ш. Космическое, д. 43 стр. 8/4",False,2000-06-02,False,True
196,"пр. 40 лет Октября, д. 661 к. 20","пр. 40 лет Октября, д. 661 к. 20",True,1985-02-20,False,False
197,"алл. Космическая, д. 5","алл. Космическая, д. 5",False,2010-05-18,True,True
198,"наб. Пархоменко, д. 92","наб. Пархоменко, д. 92",False,1986-02-15,False,False
199,"бул. Блюхера, д. 5 стр. 2","бул. Блюхера, д. 5 стр. 2",False,1970-07-17,False,False
200,"алл. Профсоюзная, д. 49","алл. Профсоюзная, д. 49",True,2006-10-16,True,True
201,"алл. Леваневского, д. 6","алл. Леваневского, д. 6",False,2015-11-28,False,False
202,"ул. Логовая, д. 964 стр. 224","ул. Логовая, д. 964 стр. 224",True,2002-06-29,False,True
203,"алл. Орловская, д. 450 к. 2/9","алл. Орловская, д. 450 к. 2/9",False,2005-03-13,False,True
204,"наб. Приозерная, д. 392 к. 8","наб. Приозерная, д. 392 к. 8",False,1999-12-24,False,True
205,"пр. Сплавный, д. 582 к. 57","пр. Сплавный, д. 582 к. 57",True,2007-10-17,False,True
206,"ш. Деповское, д. 857 стр. 2/8","ш. Деповское, д. 857 стр. 2/8",True,2015-12-11,True,False
207,"пер. Краснознаменный, д. 947 к. 6/9","пер. Краснознаменный, д. 947 к. 6/9",True,1992-04-01,True,True
208,"алл. Высокая, д. 8/7 стр. 7/1","алл. Высокая, д. 8/7 стр. 7/1",True,1986-09-20,False,False
209,"ш. Загородное, д. 6 к. 1","ш. Загородное, д. 6 к. 1",False,2014-07-14,True,False
210,"алл. Ульянова, д. 8 к. 474","алл. Ульянова, д. 8 к. 474",True,2004-10-12,True,False
211,"пер. Кузнецкий, д. 991","пер. Кузнецкий, д. 991",False,2009-05-22,True,True
212,"наб. Лазо, д. 5 к. 94","наб. Лазо, д. 5 к. 94",False,1976-08-10,False,False
213,"бул. Трудовой, д. 893 стр. 10","бул. Трудовой, д. 893 стр. 10",False,1993-12-16,True,True
214,"наб. Алтайская, д. 7","наб. Алтайская, д. 7",False,1978-12-09,False,False
215,"алл. Ватутина, д. 6/2 к. 5","алл. Ватутина, д. 6/2 к. 5",True,1989-10-10,True,True
216,"пр. Кедровый, д. 1 стр. 9","пр. Кедровый, д. 1 стр. 9",True,2018-10-31,True,True
217,"ул. Есенина, д. 874","ул. Есенина, д. 874",True,2019-03-20,False,False
218,"алл. Шишкина, д. 74 к. 6/7","алл. Шишкина, д. 74 к. 6/7",True,2007-08-10,False,False
219,"пр. Привокзальный, д. 68 стр. 75","пр. Привокзальный, д. 68 стр. 75",True,2007-03-04,False,True
220,"пр. Павлика Морозова, д. 7/1","пр. Павлика Морозова, д. 7/1",True,2010-02-03,True,True
221,"бул. Минина, д. 7 стр. 21","бул. Минина, д. 7 стр. 21",False,1971-03-01,False,True
222,"ш. М.Горького, д. 8/6 стр. 597","ш. М.Горького, д. 8/6 стр. 597",False,1981-05-15,False,False
223,"пер. Совхозный, д. 62","пер. Совхозный, д. 62",True,1992-11-12,True,False
224,"ш. Розы Люксембург, д. 638","ш. Розы Люксембург, д. 638",True,2010-03-22,False,True
225,"пр. Парковый, д. 5/4 к. 483","пр. Парковый, д. 5/4 к. 483",False,2012-06-15,False,True
226,"бул. Нахимова, д. 8/4","бул. Нахимова, д. 8/4",True,2005-05-03,True,False
227,"пр. Ермака, д. 9 к. 593","пр. Ермака, д. 9 к. 593",False,2003-02-03,True,False
228,"бул. Карла Маркса, д. 25 к. 54","бул. Карла Маркса, д. 25 к. 54",True,2008-09-16,True,True
229,"алл. Ушакова, д. 796 к. 6/9","алл. Ушакова, д. 796 к. 6/9",True,1977-11-18,False,True
230,"бул. Казанский, д. 164","бул. Казанский, д. 164",False,1997-05-12,False,True
231,"ш. Ставропольское, д. 32 стр. 7","ш. Ставропольское, д. 32 стр. 7",False,1990-11-13,False,False
232,"бул. Есенина, д. 131 к. 76","бул. Есенина, д. 131 к. 76",False,1986-05-24,True,True
233,"пер. Болотный, д. 63 к. 62","пер. Болотный, д. 63 к. 62",False,2008-10-18,False,False
234,"ш. Маркса, д. 1","ш. Маркса, д. 1",True,1977-05-04,False,True
235,"алл. Прибрежная, д. 12","алл. Прибрежная, д. 12",False,2009-07-03,False,False
236,"пер. Прудовой, д. 87 стр. 72","пер. Прудовой, д. 87 стр. 72",True,1970-11-02,True,True
237,"ул. Пригородная, д. 2 к. 89","ул. Пригородная, д. 2 к. 89",True,2009-07-25,True,False
238,"бул. Красный, д. 79 к. 39","бул. Красный, д. 79 к. 39",False,2019-10-20,True,True
239,"ш. Солнечное, д. 2","ш. Солнечное, д. 2",True,2012-07-16,False,True
240,"пер. Леваневского, д. 91 стр. 91","пер. Леваневского, д. 91 стр. 91",True,1998-03-11,False,True
241,"ул. Шевченко, д. 5 стр. 56","ул. Шевченко, д. 5 стр. 56",False,1983-11-08,True,True
242,"пр. Куйбышева, д. 69 стр. 17","пр. Куйбышева, д. 69 стр. 17",True,2002-12-13,True,False
243,"алл. Байкальская, д. 3/3","алл. Байкальская, д. 3/3",True,1996-06-03,False,True
244,"алл. 9 мая, д. 1 стр. 81","алл. 9 мая, д. 1 стр. 81",True,1997-04-22,True,False
245,"пер. Февральский, д. 77 к. 9/8","пер. Февральский, д. 77 к. 9/8",False,2017-10-24,True,False
246,"пр. Невского, д. 368 к. 50","пр. Невского, д. 368 к. 50",True,1977-11-06,True,False
247,"пер. Портовый, д. 8 стр. 8","пер. Портовый, д. 8 стр. 8",True,2004-10-30,True,True
248,"наб. Некрасова, д. 563","наб. Некрасова, д. 563",True,1997-04-21,True,True
249,"ш. Курское, д. 53 стр. 2","ш. Курское, д. 53 стр. 2",False,1980-03-05,True,False
250,"пр. Кирпичный, д. 823 стр. 890","пр. Кирпичный, д. 823 стр. 890",False,2015-01-16,True,False
251,"ш. Строительное, д. 19","ш. Строительное, д. 19",True,2010-02-01,True,True
252,"ул. Санаторная, д. 7","ул. Санаторная, д. 7",True,1985-03-05,True,False
253,"пер. Курчатова, д. 1 к. 4","пер. Курчатова, д. 1 к. 4",False,2011-07-15,True,True
254,"наб. Ушакова, д. 585","наб. Ушакова, д. 585",True,2012-07-25,True,True
255,"наб. Леонова, д. 6/1 к. 3","наб. Леонова, д. 6/1 к. 3",True,2017-07-21,False,True
256,"бул. Элеваторный, д. 210 к. 8","бул. Элеваторный, д. 210 к. 8",False,2020-06-21,True,False
257,"пер. Матросова, д. 386","пер. Матросова, д. 386",True,1978-01-01,True,True
258,"бул. Тополиный, д. 179 к. 3/1","бул. Тополиный, д. 179 к. 3/1",True,2019-04-14,False,True
259,"пр. Ермака, д. 1 к. 312","пр. Ермака, д. 1 к. 312",False,1993-04-06,False,False
260,"наб. Свободная, д. 3/8","наб. Свободная, д. 3/8",False,1984-03-03,False,False
261,"бул. Молодежный, д. 3/9 стр. 8/3","бул. Молодежный, д. 3/9 стр. 8/3",False,2008-08-06,True,True
262,"бул. Дальневосточный, д. 8 к. 206","бул. Дальневосточный, д. 8 к. 206",True,2010-12-26,False,True
263,"наб. Космонавтов, д. 6 стр. 92","наб. Космонавтов, д. 6 стр. 92",False,1992-11-20,True,False
264,"бул. Халтурина, д. 767 к. 9/3","бул. Халтурина, д. 767 к. 9/3",False,2002-12-27,True,False
265,"наб. Красная, д. 61 стр. 4","наб. Красная, д. 61 стр. 4",False,2009-11-19,True,True
266,"пр. Фестивальный, д. 5/5 к. 83","пр. Фестивальный, д. 5/5 к. 83",False,1986-04-21,False,True
267,"пр. Громова, д. 98","пр. Громова, д. 98",False,1978-03-19,True,True
268,"бул. Кедровый, д. 2/8 к. 9","бул. Кедровый, д. 2/8 к. 9",False,2001-02-20,False,False
269,"ш. Енисейское, д. 79","ш. Енисейское, д. 79",True,1972-05-17,True,True
270,"алл. Мирная, д. 3","алл. Мирная, д. 3",True,2006-12-14,True,True
271,"бул. Геологический, д. 5 стр. 1","бул. Геологический, д. 5 стр. 1",False,2002-08-29,False,True
272,"пр. Трудовой, д. 3","пр. Трудовой, д. 3",True,2002-05-24,True,False
273,"ул. Кооперативная, д. 1/5 к. 62","ул. Кооперативная, д. 1/5 к. 62",False,2019-05-15,False,False
274,"алл. Ударная, д. 3/7 стр. 8/4","алл. Ударная, д. 3/7 стр. 8/4",False,1992-02-03,True,True
275,"пер. Целинный, д. 60","пер. Целинный, д. 60",False,2012-06-20,True,True
276,"ул. Минина, д. 3/5 стр. 381","ул. Минина, д. 3/5 стр. 381",True,1970-07-03,True,False
277,"пр. Морской, д. 856 к. 3/4","пр. Морской, д. 856 к. 3/4",True,1981-06-30,False,False
278,"бул. Лесозаводский, д. 4 к. 187","бул. Лесозаводский, д. 4 к. 187",True,2005-07-27,True,True
279,"бул. Шмидта, д. 10 стр. 75","бул. Шмидта, д. 10 стр. 75",True,2007-04-03,False,True
280,"бул. Студенческий, д. 1 к. 8","бул. Студенческий, д. 1 к. 8",True,2002-05-29,True,False
281,"ш. Раздольное, д. 1/1 стр. 5","ш. Раздольное, д. 1/1 стр. 5",False,1977-04-14,True,False
282,"пр. Каштановый, д. 3","пр. Каштановый, д. 3",False,1971-05-12,False,False
283,"ш. Светлое, д. 95 стр. 218","ш. Светлое, д. 95 стр. 218",True,2009-05-06,True,True
284,"бул. Производственный, д. 73","бул. Производственный, д. 73",False,1995-02-05,True,False
285,"пр. Песчаный, д. 47 стр. 9/8","пр. Песчаный, д. 47 стр. 9/8",False,2012-08-20,True,True
286,"ш. Победа, д. 5/1 к. 2","ш. Победа, д. 5/1 к. 2",True,1994-07-29,False,False
287,"наб. Пирогова, д. 65 стр. 1","наб. Пирогова, д. 65 стр. 1",False,1976-12-14,False,True
288,"пр. Автомобилистов, д. 8","пр. Автомобилистов, д. 8",False,2011-01-31,False,False
289,"пер. Учительский, д. 6 стр. 2/8","пер. Учительский, д. 6 стр. 2/8",False,1974-07-27,True,True
290,"бул. Парковый, д. 42 стр. 34","бул. Парковый, д. 42 стр. 34",False,1995-08-16,False,False
291,"алл. Школьная, д. 851","алл. Школьная, д. 851",True,1989-10-13,False,False
292,"бул. Спортивный, д. 63 к. 801","бул. Спортивный, д. 63 к. 801",True,2020-01-12,True,False
293,"пер. Космонавтов, д. 5/3 стр. 6/8","пер. Космонавтов, д. 5/3 стр. 6/8",False,1996-08-28,True,False
294,"алл. Л.Толстого, д. 4","алл. Л.Толстого, д. 4",False,1978-10-23,True,False
295,"ш. Зои Космодемьянской, д. 35 стр. 82","ш. Зои Космодемьянской, д. 35 стр. 82",True,2000-05-03,True,True
296,"ул. Гаражная, д. 2/1 к. 3/8","ул. Гаражная, д. 2/1 к. 3/8",True,1992-05-05,False,True
297,"ш. Ватутина, д. 93 стр. 1","ш. Ватутина, д. 93 стр. 1",False,1978-10-24,False,False
298,"пр. Угольный, д. 93 к. 58","пр. Угольный, д. 93 к. 58",True,2011-06-19,True,True
299,"алл. Широкая, д. 84","алл. Широкая, д. 84",True,2016-05-02,False,False
300,"ул. Фадеева, д. 323 к. 7","ул. Фадеева, д. 323 к. 7",False,1988-09-13,False,False
301,"алл. Сибирская, д. 3/4 стр. 64","алл. Сибирская, д. 3/4 стр. 64",False,1980-10-02,True,False
302,"наб. Новостройка, д. 252 к. 4/4","наб. Новостройка, д. 252 к. 4/4",False,2014-09-05,False,True
303,"бул. Сенной, д. 5","бул. Сенной, д. 5",True,1988-05-13,False,True
304,"пер. Озерный, д. 37 стр. 9/4","пер. Озерный, д. 37 стр. 9/4",False,2001-04-12,True,True
305,"пр. Тамбовский, д. 433 стр. 903","пр. Тамбовский, д. 433 стр. 903",True,1973-12-13,True,False
306,"ул. Южная, д. 62 стр. 898","ул. Южная, д. 62 стр. 898",True,1976-01-02,False,True
307,"алл. Трудовая, д. 98 стр. 177","алл. Трудовая, д. 98 стр. 177",False,1994-02-03,False,False
308,"алл. Степана Разина, д. 3/1 стр. 8/8","алл. Степана Разина, д. 3/1 стр. 8/8",False,1977-04-08,True,False
309,"бул. Суворова, д. 568","бул. Суворова, д. 568",True,1996-09-30,True,False
310,"наб. Автомобилистов, д. 3 стр. 415","наб. Автомобилистов, д. 3 стр. 415",True,2016-02-12,True,False
311,"алл. Железнодорожная, д. 6","алл. Железнодорожная, д. 6",True,2004-09-17,True,False
312,"ш. Трудовое, д. 492 стр. 84","ш. Трудовое, д. 492 стр. 84",False,2010-12-15,False,False
313,"ул. Саратовская, д. 97","ул. Саратовская, д. 97",False,1993-07-05,True,False
314,"ш. Чкалова, д. 579 стр. 931","ш. Чкалова, д. 579 стр. 931",True,1983-01-23,True,False
315,"ул. Черемушки, д. 8/3 к. 50","ул. Черемушки, д. 8/3 к. 50",True,1992-02-08,True,False
316,"пер. Казачий, д. 68 к. 1/9","пер. Казачий, д. 68 к. 1/9",False,2003-02-20,True,False
317,"наб. Серова, д. 4","наб. Серова, д. 4",False,1994-08-11,False,True
318,"пер. Жданова, д. 4/8","пер. Жданова, д. 4/8",True,2013-06-03,False,False
319,"пер. Прибрежный, д. 511","пер. Прибрежный, д. 511",True,1983-09-18,False,True
320,"пр. Морской, д. 3/3 к. 610","пр. Морской, д. 3/3 к. 610",True,2002-12-11,False,False
321,"алл. Невского, д. 80 к. 3","алл. Невского, д. 80 к. 3",False,1997-03-06,False,True
322,"пр. Чапаева, д. 90 к. 7","пр. Чапаева, д. 90 к. 7",True,1988-02-28,False,True
323,"бул. Байкальский, д. 707","бул. Байкальский, д. 707",True,1977-09-06,False,False
324,"алл. Олимпийская, д. 38 к. 77","алл. Олимпийская, д. 38 к. 77",True,2009-02-27,True,True
325,"пр. Правды, д. 62 к. 7/3","пр. Правды, д. 62 к. 7/3",True,1977-11-16,True,True
326,"пер. Шахтерский, д. 79 стр. 8/4","пер. Шахтерский, д. 79 стр. 8/4",True,1992-03-18,True,True
327,"пр. Весенний, д. 5","пр. Весенний, д. 5",False,2015-11-02,True,False
328,"алл. Микрорайон, д. 7 стр. 2","алл. Микрорайон, д. 7 стр. 2",False,2004-07-08,False,True
329,"ул. Ильича, д. 132","ул. Ильича, д. 132",False,1974-10-30,True,True
330,"алл. Вахитова, д. 4/7 к. 8","алл. Вахитова, д. 4/7 к. 8",True,1976-11-09,True,True
331,"ул. Геологов, д. 9/4","ул. Геологов, д. 9/4",True,1985-04-17,False,True
332,"пр. Тукая, д. 6/4 к. 17","пр. Тукая, д. 6/4 к. 17",False,1978-11-29,True,True
333,"бул. Тепличный, д. 570 к. 202","бул. Тепличный, д. 570 к. 202",True,2001-04-14,False,True
334,"ш. Производственное, д. 4 стр. 53","ш. Производственное, д. 4 стр. 53",False,2004-07-27,True,True
335,"бул. Волгоградский, д. 1/1 к. 2","бул. Волгоградский, д. 1/1 к. 2",False,1996-08-04,False,True
336,"наб. Подгорная, д. 30","наб. Подгорная, д. 30",False,1998-07-25,True,False
337,"пр. Степной, д. 3","пр. Степной, д. 3",False,1990-07-20,False,False
338,"ш. Волкова, д. 57 к. 5","ш. Волкова, д. 57 к. 5",True,1994-11-02,True,True
339,"пер. Республиканский, д. 9 к. 1","пер. Республиканский, д. 9 к. 1",True,2002-09-05,True,False
340,"бул. Дорожный, д. 6 стр. 355","бул. Дорожный, д. 6 стр. 355",False,1974-01-19,True,False
341,"бул. Профсоюзный, д. 6/1 к. 900","бул. Профсоюзный, д. 6/1 к. 900",False,2010-05-13,False,True
342,"ш. Шишкина, д. 85 стр. 87","ш. Шишкина, д. 85 стр. 87",True,2001-10-25,True,True
343,"пер. Комсомольский, д. 191 к. 1/7","пер. Комсомольский, д. 191 к. 1/7",False,1984-06-02,False,True
344,"пр. Дзержинского, д. 50","пр. Дзержинского, д. 50",True,1996-03-07,True,True
345,"ул. Подлесная, д. 7/6 стр. 5","ул. Подлесная, д. 7/6 стр. 5",False,2018-04-22,True,True
346,"наб. Тепличная, д. 727 к. 4","наб. Тепличная, д. 727 к. 4",False,2012-06-03,False,False
347,"пр. Щетинкина, д. 26","пр. Щетинкина, д. 26",False,2008-08-07,False,False
348,"пер. Трудовой, д. 8 стр. 942","пер. Трудовой, д. 8 стр. 942",False,1999-01-15,False,False
349,"ул. Николаева, д. 672 к. 59","ул. Николаева, д. 672 к. 59",True,1974-10-10,True,True
350,"пр. Подлесный, д. 194 к. 2","пр. Подлесный, д. 194 к. 2",False,1988-04-26,False,True
351,"алл. Радужная, д. 5/4 к. 6/5","алл. Радужная, д. 5/4 к. 6/5",True,1998-10-22,True,True
352,"наб. Терешковой, д. 49 стр. 2/1","наб. Терешковой, д. 49 стр. 2/1",False,1973-10-18,True,True
353,"пр. Пушкина, д. 9","пр. Пушкина, д. 9",False,2013-02-01,False,False
354,"ш. Зои Космодемьянской, д. 1/5","ш. Зои Космодемьянской, д. 1/5",False,1973-10-01,True,False
355,"пер. Просвещения, д. 333","пер. Просвещения, д. 333",False,1979-10-16,True,True
356,"ул. Приморская, д. 2 стр. 5/9","ул. Приморская, д. 2 стр. 5/9",True,1979-03-05,False,False
357,"ш. Розы Люксембург, д. 6 стр. 696","ш. Розы Люксембург, д. 6 стр. 696",True,1989-06-08,False,False
358,"бул. Ульянова, д. 41 стр. 8/7","бул. Ульянова, д. 41 стр. 8/7",False,2016-09-23,False,False
359,"бул. Красный, д. 62 к. 607","бул. Красный, д. 62 к. 607",False,1989-04-12,False,True
360,"бул. Брянский, д. 2/4","бул. Брянский, д. 2/4",False,1982-11-18,True,True
361,"наб. Красина, д. 3 стр. 60","наб. Красина, д. 3 стр. 60",False,2005-02-10,True,True
362,"алл. Южная, д. 5 к. 155","алл. Южная, д. 5 к. 155",False,2000-09-03,True,False
363,"ул. Репина, д. 53 к. 379","ул. Репина, д. 53 к. 379",True,1987-01-11,True,False
364,"пр. Средний, д. 45","пр. Средний, д. 45",False,1985-09-17,True,False
365,"ш. Ульянова, д. 5 к. 18","ш. Ульянова, д. 5 к. 18",True,1970-08-15,True,True
366,"наб. Российская, д. 6/6","наб. Российская, д. 6/6",True,1971-04-09,True,False
367,"наб. Магистральная, д. 820 стр. 325","наб. Магистральная, д. 820 стр. 325",False,2021-06-23,False,False
368,"наб. Пугачева, д. 747 стр. 1/6","наб. Пугачева, д. 747 стр. 1/6",False,2012-11-23,True,False
369,"наб. Театральная, д. 6/5 к. 6","наб. Театральная, д. 6/5 к. 6",True,1993-05-18,True,True
370,"пр. Линейный, д. 709 к. 2/5","пр. Линейный, д. 709 к. 2/5",False,1985-12-06,False,True
371,"алл. Победа, д. 5/8","алл. Победа, д. 5/8",True,2000-04-07,True,True
372,"наб. Транспортная, д. 42 к. 9/6","наб. Транспортная, д. 42 к. 9/6",True,1987-11-08,False,True
373,"алл. Стадионная, д. 4/5","алл. Стадионная, д. 4/5",False,1986-01-12,False,True
374,"пер. Строительный, д. 1/4","пер. Строительный, д. 1/4",True,2019-08-15,False,True
375,"наб. Больничная, д. 84 к. 7","наб. Больничная, д. 84 к. 7",False,1977-04-23,False,True
376,"алл. Победы, д. 6 к. 7/8","алл. Победы, д. 6 к. 7/8",False,1986-01-11,False,True
377,"наб. Санаторная, д. 84 стр. 291","наб. Санаторная, д. 84 стр. 291",False,2017-11-12,False,True
378,"ш. Береговое, д. 136","ш. Береговое, д. 136",True,2014-12-23,False,True
379,"бул. Путевой, д. 66 к. 1/6","бул. Путевой, д. 66 к. 1/6",False,1981-02-26,True,False
380,"бул. Торговый, д. 3 стр. 34","бул. Торговый, д. 3 стр. 34",True,1992-01-05,False,False
381,"бул. Энгельса, д. 12","бул. Энгельса, д. 12",False,1984-07-27,False,False
382,"пер. Бульварный, д. 33 стр. 15","пер. Бульварный, д. 33 стр. 15",True,2015-12-30,True,False
383,"ш. Монтажников, д. 3/2 стр. 982","ш. Монтажников, д. 3/2 стр. 982",False,1984-07-29,True,True
384,"наб. Почтовая, д. 7 стр. 91","наб. Почтовая, д. 7 стр. 91",False,2017-10-06,False,False
385,"ул. 30 лет Победы, д. 3","ул. 30 лет Победы, д. 3",False,1972-09-21,True,False
386,"ул. Ясная, д. 83 к. 53","ул. Ясная, д. 83 к. 53",False,2000-10-31,True,True
387,"пер. Железнодорожный, д. 8 стр. 1/9","пер. Железнодорожный, д. 8 стр. 1/9",True,1985-03-27,False,True
388,"пр. Геологический, д. 72 к. 9/3","пр. Геологический, д. 72 к. 9/3",False,1997-08-22,False,False
389,"алл. Крайняя, д. 7","алл. Крайняя, д. 7",False,1991-09-22,False,True
390,"алл. Тюленина, д. 5 к. 780","алл. Тюленина, д. 5 к. 780",False,2014-07-28,True,True
391,"бул. Орловский, д. 1","бул. Орловский, д. 1",False,1982-05-11,True,False
392,"ш. Машиностроителей, д. 569 стр. 317","ш. Машиностроителей, д. 569 стр. 317",True,2006-09-22,True,True
393,"наб. Крайняя, д. 44 к. 8/8","наб. Крайняя, д. 44 к. 8/8",False,1990-12-19,True,True
394,"ул. Профсоюзная, д. 2/5","ул. Профсоюзная, д. 2/5",False,1992-08-01,False,True
395,"ш. Магистральное, д. 575","ш. Магистральное, д. 575",False,2010-02-26,True,False
396,"бул. Поселковый, д. 76 к. 6","бул. Поселковый, д. 76 к. 6",True,2011-11-03,True,False
397,"алл. Новая, д. 91","алл. Новая, д. 91",False,1987-07-10,True,True
398,"бул. Дачный, д. 2/2 стр. 4","бул. Дачный, д. 2/2 стр. 4",True,1987-11-04,True,False
399,"наб. Ясная, д. 2/3 к. 94","наб. Ясная, д. 2/3 к. 94",False,2008-12-01,True,True
400,"наб. Покровская, д. 96 к. 73","наб. Покровская, д. 96 к. 73",True,1981-06-19,True,True
401,"пер. Сурикова, д. 4/4","пер. Сурикова, д. 4/4",True,2003-04-02,True,True
402,"ш. Февральское, д. 8/6 к. 61","ш. Февральское, д. 8/6 к. 61",True,2006-08-18,True,False
403,"наб. Поселковая, д. 74","наб. Поселковая, д. 74",False,2005-02-21,False,True
404,"ш. Космонавтов, д. 263 стр. 953","ш. Космонавтов, д. 263 стр. 953",True,2010-12-14,False,False
405,"бул. Металлургов, д. 56 к. 25","бул. Металлургов, д. 56 к. 25",True,2008-03-09,False,True
406,"наб. Деповская, д. 214 к. 5/3","наб. Деповская, д. 214 к. 5/3",False,1997-08-21,True,False
407,"наб. Коммуны, д. 563 стр. 43","наб. Коммуны, д. 563 стр. 43",True,1981-05-22,False,False
408,"пер. Торговый, д. 2/5 стр. 2","пер. Торговый, д. 2/5 стр. 2",True,2013-10-12,False,False
409,"алл. Трактовая, д. 740 к. 75","алл. Трактовая, д. 740 к. 75",False,2008-06-20,False,True
410,"пр. Коминтерна, д. 36 к. 4/2","пр. Коминтерна, д. 36 к. 4/2",False,1991-05-27,False,True
411,"пер. Комарова, д. 67 к. 7/8","пер. Комарова, д. 67 к. 7/8",False,1972-07-29,True,False
412,"пер. Мельничный, д. 72 стр. 882","пер. Мельничный, д. 72 стр. 882",False,2004-09-08,True,False
413,"ш. Калужское, д. 799 к. 18","ш. Калужское, д. 799 к. 18",False,2003-05-02,True,True
414,"ш. Димитрова, д. 3/7","ш. Димитрова, д. 3/7",True,2013-08-07,True,True
415,"пр. Водников, д. 60 стр. 112","пр. Водников, д. 60 стр. 112",False,2019-01-29,False,False
416,"пер. Февральский, д. 727","пер. Февральский, д. 727",True,1997-08-15,True,False
417,"ул. Механизаторов, д. 62","ул. Механизаторов, д. 62",False,1993-07-16,False,False
418,"наб. Центральная, д. 691 к. 5","наб. Центральная, д. 691 к. 5",False,1982-04-20,True,False
419,"алл. Осипенко, д. 8 стр. 60","алл. Осипенко, д. 8 стр. 60",False,2006-04-24,False,False
420,"алл. Культуры, д. 6/1 к. 1","алл. Культуры, д. 6/1 к. 1",True,1984-03-07,True,False
421,"пр. Береговой, д. 2/3 к. 9","пр. Береговой, д. 2/3 к. 9",True,1976-10-16,False,True
422,"наб. Морская, д. 1/8","наб. Морская, д. 1/8",True,2015-01-11,False,True
423,"наб. Базарная, д. 857 стр. 3/7","наб. Базарная, д. 857 стр. 3/7",False,1978-01-13,False,True
424,"пер. Выгонный, д. 2","пер. Выгонный, д. 2",True,1978-11-13,True,True
425,"наб. Весенняя, д. 34","наб. Весенняя, д. 34",True,2006-05-27,True,False
426,"ш. Мельничное, д. 283 к. 6","ш. Мельничное, д. 283 к. 6",False,1990-05-18,False,True
427,"алл. Блюхера, д. 941 к. 608","алл. Блюхера, д. 941 к. 608",False,1992-05-26,True,True
428,"ул. Донская, д. 9 к. 8/5","ул. Донская, д. 9 к. 8/5",True,2001-04-20,False,True
429,"пер. Гагарина, д. 2","пер. Гагарина, д. 2",True,1976-10-31,False,False
430,"пр. Ленский, д. 3 стр. 58","пр. Ленский, д. 3 стр. 58",False,2005-08-13,True,False
431,"ш. Саратовское, д. 894 к. 52","ш. Саратовское, д. 894 к. 52",True,1990-09-22,True,True
432,"ш. 60 лет Октября, д. 6/2 стр. 7","ш. 60 лет Октября, д. 6/2 стр. 7",True,2002-11-26,False,True
433,"пер. Калинина, д. 3 к. 79","пер. Калинина, д. 3 к. 79",True,1976-12-29,False,False
434,"ул. Тупиковая, д. 24 стр. 58","ул. Тупиковая, д. 24 стр. 58",False,1996-01-07,True,True
435,"пер. Прохладный, д. 5/1 к. 4","пер. Прохладный, д. 5/1 к. 4",False,2000-11-14,False,False
436,"бул. Свободы, д. 9/3","бул. Свободы, д. 9/3",True,2011-11-15,True,False
437,"бул. Торговый, д. 762","бул. Торговый, д. 762",False,1980-09-07,False,False
438,"ул. Плеханова, д. 539 к. 6/5","ул. Плеханова, д. 539 к. 6/5",False,2004-10-06,False,True
439,"пер. Февральский, д. 53 стр. 7","пер. Февральский, д. 53 стр. 7",False,2017-03-24,False,False
440,"пр. Безымянный, д. 2 стр. 17","пр. Безымянный, д. 2 стр. 17",True,1985-11-23,True,True
441,"наб. Придорожная, д. 83","наб. Придорожная, д. 83",True,2000-04-04,False,True
442,"ул. Трудовая, д. 43 к. 9","ул. Трудовая, д. 43 к. 9",False,1977-07-28,False,False
443,"ш. Огородное, д. 90 к. 980","ш. Огородное, д. 90 к. 980",False,1978-03-26,False,True
444,"алл. Ольховая, д. 6/5","алл. Ольховая, д. 6/5",True,1980-03-17,False,False
445,"бул. Тульский, д. 8 к. 13","бул. Тульский, д. 8 к. 13",False,2012-10-10,True,False
446,"пер. Дружба, д. 1","пер. Дружба, д. 1",False,1971-01-26,False,True
447,"бул. Беляева, д. 1 стр. 782","бул. Беляева, д. 1 стр. 782",True,2008-06-23,True,True
448,"ш. Горное, д. 9/3","ш. Горное, д. 9/3",True,1980-07-18,False,True
449,"ш. Урожайное, д. 4 к. 91","ш. Урожайное, д. 4 к. 91",False,1974-06-02,False,True
450,"ул. Павлика Морозова, д. 3/7","ул. Павлика Морозова, д. 3/7",False,1997-07-01,True,False
451,"ш. Кубанское, д. 381","ш. Кубанское, д. 381",True,2001-08-14,True,True
452,"алл. Дальневосточная, д. 3/9","алл. Дальневосточная, д. 3/9",True,2003-02-20,False,False
453,"ул. Глинки, д. 721 к. 542","ул. Глинки, д. 721 к. 542",True,1974-06-28,True,True
454,"пер. Сурикова, д. 539 к. 8","пер. Сурикова, д. 539 к. 8",False,2000-05-15,True,True
455,"наб. Таежная, д. 9 стр. 138","наб. Таежная, д. 9 стр. 138",False,2000-05-31,False,False
456,"алл. Карла Маркса, д. 53","алл. Карла Маркса, д. 53",False,1978-09-04,False,False
457,"ул. Тракторная, д. 23 стр. 5/3","ул. Тракторная, д. 23 стр. 5/3",True,2000-04-08,True,True
458,"пер. Демьяна Бедного, д. 547 стр. 12","пер. Демьяна Бедного, д. 547 стр. 12",True,2004-09-15,True,False
459,"пр. Хвойный, д. 8/9 к. 23","пр. Хвойный, д. 8/9 к. 23",False,1985-04-02,True,False
460,"алл. Бажова, д. 7/1 стр. 2","алл. Бажова, д. 7/1 стр. 2",True,2012-08-18,True,False
461,"наб. Пограничная, д. 8 стр. 120","наб. Пограничная, д. 8 стр. 120",False,2002-07-06,True,True
462,"ш. Малое, д. 2","ш. Малое, д. 2",True,1990-02-19,False,True
463,"пер. Ярославский, д. 39","пер. Ярославский, д. 39",True,2013-05-10,True,False
464,"алл. Пирогова, д. 94 к. 5","алл. Пирогова, д. 94 к. 5",False,1983-03-22,True,False
465,"наб. Папанина, д. 868 стр. 6","наб. Папанина, д. 868 стр. 6",False,2019-06-08,False,True
466,"бул. Водопроводный, д. 9 к. 23","бул. Водопроводный, д. 9 к. 23",True,1985-01-13,True,True
467,"пер. Нижний, д. 92 к. 52","пер. Нижний, д. 92 к. 52",True,2005-04-10,True,False
468,"ш. Максима Горького, д. 40","ш. Максима Горького, д. 40",True,1994-04-29,False,True
469,"алл. Российская, д. 592","алл. Российская, д. 592",False,1982-02-01,False,True
470,"ул. Кленовая, д. 1/3 к. 904","ул. Кленовая, д. 1/3 к. 904",False,1995-01-12,False,False
471,"бул. Вольный, д. 668 стр. 7/3","бул. Вольный, д. 668 стр. 7/3",False,2001-09-28,True,False
472,"бул. Клары Цеткин, д. 170 стр. 25","бул. Клары Цеткин, д. 170 стр. 25",False,2019-10-18,True,False
473,"ш. Боровое, д. 42 стр. 84","ш. Боровое, д. 42 стр. 84",False,1986-04-27,True,True
474,"бул. Рябиновый, д. 9","бул. Рябиновый, д. 9",True,2010-06-28,True,False
475,"ш. Октябрьское, д. 9/1 к. 6","ш. Октябрьское, д. 9/1 к. 6",True,1995-12-12,False,True
476,"наб. Достоевского, д. 7/2 к. 5/2","наб. Достоевского, д. 7/2 к. 5/2",False,1998-08-11,False,True
477,"ул. Нижняя, д. 3/2 к. 321","ул. Нижняя, д. 3/2 к. 321",False,1976-01-04,True,False
478,"ул. Киевская, д. 35 к. 570","ул. Киевская, д. 35 к. 570",True,2013-08-12,False,False
479,"пер. Черноморский, д. 2 стр. 78","пер. Черноморский, д. 2 стр. 78",False,1993-11-10,False,False
480,"ш. Л.Толстого, д. 1 к. 1/3","ш. Л.Толстого, д. 1 к. 1/3",False,2005-08-07,False,False
481,"пр. Большевистский, д. 7","пр. Большевистский, д. 7",False,2004-07-21,True,False
482,"бул. Вишневый, д. 3/9 к. 87","бул. Вишневый, д. 3/9 к. 87",False,2011-07-23,False,False
483,"пр. Песочный, д. 6","пр. Песочный, д. 6",True,2005-11-02,True,True
484,"бул. Урицкого, д. 346 стр. 36","бул. Урицкого, д. 346 стр. 36",True,2011-12-22,True,False
485,"бул. Новосельский, д. 932 стр. 849","бул. Новосельский, д. 932 стр. 849",True,1988-12-09,False,False
486,"ул. Камская, д. 9 стр. 3","ул. Камская, д. 9 стр. 3",False,1983-09-05,False,False
487,"наб. Полтавская, д. 362","наб. Полтавская, д. 362",False,1995-11-13,True,True
488,"ул. Коммуны, д. 7/9 стр. 9","ул. Коммуны, д. 7/9 стр. 9",True,2009-10-26,False,True
489,"пр. Механизаторов, д. 2 к. 2/4","пр. Механизаторов, д. 2 к. 2/4",False,2000-02-26,False,True
490,"наб. Ленина, д. 6 к. 416","наб. Ленина, д. 6 к. 416",False,2018-06-08,False,False
491,"пр. Таманский, д. 4/4 к. 9/2","пр. Таманский, д. 4/4 к. 9/2",False,1986-07-31,False,True
492,"ш. Восьмого Марта, д. 71 стр. 5","ш. Восьмого Марта, д. 71 стр. 5",True,1984-12-14,False,False
493,"алл. Дзержинского, д. 93 стр. 5","алл. Дзержинского, д. 93 стр. 5",False,1995-05-05,False,True
494,"алл. Тихая, д. 321 к. 24","алл. Тихая, д. 321 к. 24",False,2002-09-02,True,False
495,"бул. Менделеева, д. 5 к. 633","бул. Менделеева, д. 5 к. 633",True,1983-04-18,True,True
496,"ш. Журавлева, д. 49","ш. Журавлева, д. 49",True,2016-03-07,True,True
497,"пер. Новый, д. 18","пер. Новый, д. 18",True,2011-02-20,True,True
498,"ул. Песочная, д. 8/1","ул. Песочная, д. 8/1",False,2013-05-24,False,True
499,"ул. Карьерная, д. 65 к. 65","ул. Карьерная, д. 65 к. 65",True,2014-01-10,False,True
500,"пр. Деповский, д. 499 стр. 303","пр. Деповский, д. 499 стр. 303",True,1978-12-13,False,True
501,"ш. Восточное, д. 7","ш. Восточное, д. 7",False,1978-04-07,True,True
502,"алл. Курортная, д. 46 к. 4/1","алл. Курортная, д. 46 к. 4/1",False,2015-12-17,True,False
503,"пер. Интернациональный, д. 38 стр. 5/2","пер. Интернациональный, д. 38 стр. 5/2",False,2001-12-26,False,True
504,"наб. Суворова, д. 584 к. 13","наб. Суворова, д. 584 к. 13",False,2020-10-21,False,False
505,"пр. Плеханова, д. 2 к. 79","пр. Плеханова, д. 2 к. 79",False,2016-03-23,True,False
506,"пер. Пионерский, д. 95 к. 5","пер. Пионерский, д. 95 к. 5",False,1970-09-03,False,True
507,"ул. Беляева, д. 39 стр. 492","ул. Беляева, д. 39 стр. 492",True,2004-09-06,False,False
508,"пер. Стадионный, д. 368 стр. 57","пер. Стадионный, д. 368 стр. 57",True,2015-01-23,False,True
509,"ш. Дорожников, д. 73","ш. Дорожников, д. 73",False,1991-01-08,False,True
510,"ул. Радищева, д. 51","ул. Радищева, д. 51",True,1970-11-27,False,False
511,"наб. Колхозная, д. 3","наб. Колхозная, д. 3",False,2017-03-13,False,True
512,"пер. Жуковского, д. 9 стр. 87","пер. Жуковского, д. 9 стр. 87",True,2014-02-17,True,True
513,"бул. Казачий, д. 4","бул. Казачий, д. 4",True,2013-12-28,True,True
514,"пр. Горный, д. 1/1","пр. Горный, д. 1/1",False,2014-03-03,False,False
515,"бул. Нижний, д. 6","бул. Нижний, д. 6",False,1975-01-02,True,False
516,"бул. Кутузова, д. 441 к. 9","бул. Кутузова, д. 441 к. 9",True,2018-09-26,True,True
517,"алл. Северная, д. 97","алл. Северная, д. 97",False,1999-03-12,False,False
518,"пер. Никитина, д. 7 стр. 12","пер. Никитина, д. 7 стр. 12",False,1981-11-29,False,True
519,"бул. З.Космодемьянской, д. 117 стр. 15","бул. З.Космодемьянской, д. 117 стр. 15",True,2015-01-22,False,False
520,"ул. Сенная, д. 5/4","ул. Сенная, д. 5/4",True,2009-12-13,False,True
521,"наб. Курганная, д. 1/9 стр. 8","наб. Курганная, д. 1/9 стр. 8",False,2008-10-14,True,True
522,"бул. Стахановский, д. 8 к. 5/5","бул. Стахановский, д. 8 к. 5/5",True,1991-05-27,False,True
523,"пр. Свободы, д. 3/4 стр. 63","пр. Свободы, д. 3/4 стр. 63",True,2010-11-12,True,True
524,"пер. Красина, д. 8","пер. Красина, д. 8",False,2005-04-30,True,True
525,"алл. Песочная, д. 71","алл. Песочная, д. 71",True,1973-09-16,True,True
526,"наб. Томская, д. 75","наб. Томская, д. 75",False,1977-05-03,False,False
527,"пр. Заречный, д. 665 к. 54","пр. Заречный, д. 665 к. 54",True,2016-01-28,True,False
528,"ш. Беляева, д. 95 стр. 26","ш. Беляева, д. 95 стр. 26",True,1973-11-14,False,True
529,"наб. Азина, д. 686","наб. Азина, д. 686",True,1995-12-12,True,False
530,"пер. Монтажников, д. 54","пер. Монтажников, д. 54",True,1995-01-27,True,False
531,"алл. Ягодная, д. 77 к. 31","алл. Ягодная, д. 77 к. 31",True,2014-06-15,False,False
532,"наб. Алтайская, д. 69","наб. Алтайская, д. 69",True,1972-10-12,True,True
533,"пер. Снежный, д. 4/5 стр. 1","пер. Снежный, д. 4/5 стр. 1",False,1990-04-21,True,False
534,"алл. Локомотивная, д. 8 к. 89","алл. Локомотивная, д. 8 к. 89",True,1977-04-17,True,False
535,"ш. Иванова, д. 85 к. 2","ш. Иванова, д. 85 к. 2",True,1992-03-11,True,True
536,"наб. Рабочая, д. 24","наб. Рабочая, д. 24",False,1979-03-18,True,False
537,"наб. Дальняя, д. 5/1 стр. 4/9","наб. Дальняя, д. 5/1 стр. 4/9",True,1990-03-20,False,False
538,"пр. Громова, д. 703","пр. Громова, д. 703",False,1974-04-17,True,True
539,"пер. Дружбы, д. 69 к. 3/4","пер. Дружбы, д. 69 к. 3/4",False,2000-05-23,False,True
540,"ул. Мира, д. 105 к. 1","ул. Мира, д. 105 к. 1",True,1972-05-14,False,False
541,"ш. Аэродромное, д. 394 к. 786","ш. Аэродромное, д. 394 к. 786",False,2021-05-26,False,False
542,"алл. З.Космодемьянской, д. 7/9","алл. З.Космодемьянской, д. 7/9",True,2020-09-03,False,True
543,"наб. Геологов, д. 416 к. 2","наб. Геологов, д. 416 к. 2",True,1978-02-25,False,False
544,"ш. Степана Разина, д. 8","ш. Степана Разина, д. 8",True,1997-10-12,True,True
545,"ул. Путевая, д. 502","ул. Путевая, д. 502",True,2015-10-26,True,True
546,"ул. Максима Горького, д. 6","ул. Максима Горького, д. 6",False,2012-09-13,True,True
547,"бул. Белорусский, д. 7/5","бул. Белорусский, д. 7/5",True,2021-07-31,True,False
548,"ш. Пушкинское, д. 72 к. 3","ш. Пушкинское, д. 72 к. 3",False,1983-10-28,True,True
549,"пр. Пугачева, д. 5","пр. Пугачева, д. 5",False,1991-05-23,False,False
550,"бул. Зеленый, д. 5 к. 9","бул. Зеленый, д. 5 к. 9",False,2011-02-24,False,True
551,"бул. Станционный, д. 9/8 стр. 48","бул. Станционный, д. 9/8 стр. 48",False,2013-06-23,True,True
552,"пр. Студенческий, д. 490 к. 88","пр. Студенческий, д. 490 к. 88",False,1976-05-13,True,False
553,"ш. Энгельса, д. 40 стр. 273","ш. Энгельса, д. 40 стр. 273",False,1980-12-14,False,False
554,"алл. Тамбовская, д. 1 к. 513","алл. Тамбовская, д. 1 к. 513",True,2002-12-02,True,True
555,"бул. Песочный, д. 5 стр. 66","бул. Песочный, д. 5 стр. 66",False,1991-04-21,False,True
556,"наб. Придорожная, д. 84 стр. 75","наб. Придорожная, д. 84 стр. 75",False,1998-05-16,False,False
557,"пер. Восьмого Марта, д. 6 стр. 6","пер. Восьмого Марта, д. 6 стр. 6",False,1981-07-23,True,False
558,"пер. Николаева, д. 5/4 стр. 5/2","пер. Николаева, д. 5/4 стр. 5/2",False,1988-11-17,False,False
559,"наб. Киевская, д. 526 стр. 64","наб. Киевская, д. 526 стр. 64",True,1982-12-04,True,True
560,"ш. Гаражное, д. 853 стр. 6","ш. Гаражное, д. 853 стр. 6",False,1997-03-04,True,True
561,"пер. Угловой, д. 5/2 стр. 4/2","пер. Угловой, д. 5/2 стр. 4/2",True,2019-10-20,True,True
562,"бул. Машиностроителей, д. 2 к. 4/5","бул. Машиностроителей, д. 2 к. 4/5",True,1976-05-03,True,True
563,"алл. Дорожная, д. 5/4 к. 206","алл. Дорожная, д. 5/4 к. 206",True,1981-12-15,True,True
564,"ул. 40 лет Октября, д. 29 к. 567","ул. 40 лет Октября, д. 29 к. 567",True,2001-02-17,True,True
565,"алл. Московская, д. 64","алл. Московская, д. 64",True,1974-08-23,False,True
566,"пер. Ленский, д. 7/2","пер. Ленский, д. 7/2",True,1992-12-26,False,False
567,"наб. Л.Толстого, д. 6/8","наб. Л.Толстого, д. 6/8",False,1983-12-31,False,False
568,"бул. Кедровый, д. 8 стр. 297","бул. Кедровый, д. 8 стр. 297",False,1984-04-19,False,True
569,"пер. Омский, д. 9/2","пер. Омский, д. 9/2",False,1978-08-27,False,True
570,"бул. Волкова, д. 7/8 стр. 56","бул. Волкова, д. 7/8 стр. 56",True,1989-11-21,True,True
571,"бул. Пушкинский, д. 250","бул. Пушкинский, д. 250",True,2015-12-23,False,True
572,"ш. Привокзальное, д. 800 стр. 8/9","ш. Привокзальное, д. 800 стр. 8/9",False,1984-09-10,False,False
573,"пр. Уральский, д. 4/7 стр. 8","пр. Уральский, д. 4/7 стр. 8",False,1974-05-21,True,False
574,"пр. Гончарова, д. 8 стр. 8","пр. Гончарова, д. 8 стр. 8",False,1994-10-29,False,True
575,"пер. Щетинкина, д. 99 стр. 2","пер. Щетинкина, д. 99 стр. 2",False,2002-10-27,False,True
576,"ул. Юбилейная, д. 7 к. 72","ул. Юбилейная, д. 7 к. 72",False,2002-10-13,False,True
577,"пр. Кольцова, д. 7 к. 494","пр. Кольцова, д. 7 к. 494",False,1971-02-21,False,True
578,"ул. Малая, д. 6 к. 8/2","ул. Малая, д. 6 к. 8/2",True,2005-09-07,True,False
579,"пер. Клубный, д. 9 к. 55","пер. Клубный, д. 9 к. 55",False,1984-11-24,True,False
580,"пр. Краснопартизанский, д. 58 к. 1/2","пр. Краснопартизанский, д. 58 к. 1/2",True,2009-09-04,False,True
581,"ш. О.Кошевого, д. 20","ш. О.Кошевого, д. 20",True,2009-12-31,True,False
582,"пер. Карьерный, д. 3/7 к. 45","пер. Карьерный, д. 3/7 к. 45",True,1990-09-13,True,True
583,"алл. Техническая, д. 9 к. 85","алл. Техническая, д. 9 к. 85",True,1987-05-25,True,False
584,"бул. Геологов, д. 764 стр. 1","бул. Геологов, д. 764 стр. 1",True,1990-06-20,False,False
585,"ш. Поперечное, д. 74 стр. 5","ш. Поперечное, д. 74 стр. 5",False,2013-08-05,False,False
586,"ш. Сосновое, д. 689 стр. 4/9","ш. Сосновое, д. 689 стр. 4/9",True,2016-07-08,True,True
587,"алл. Приморская, д. 4/2 стр. 1/6","алл. Приморская, д. 4/2 стр. 1/6",True,1991-12-05,False,False
588,"ул. Лермонтова, д. 587 стр. 377","ул. Лермонтова, д. 587 стр. 377",False,1994-01-13,False,True
589,"наб. Комарова, д. 7/1 стр. 2","наб. Комарова, д. 7/1 стр. 2",False,1979-01-06,False,True
590,"пер. Радищева, д. 12 к. 266","пер. Радищева, д. 12 к. 266",False,2000-03-24,True,False
591,"пр. Советской Армии, д. 80 стр. 713","пр. Советской Армии, д. 80 стр. 713",False,2003-07-03,True,True
592,"ул. Ивановская, д. 5/6","ул. Ивановская, д. 5/6",True,2020-11-25,False,False
593,"ул. Радищева, д. 442 к. 8/1","ул. Радищева, д. 442 к. 8/1",False,2005-05-21,True,False
594,"бул. Макарова, д. 4/6","бул. Макарова, д. 4/6",False,1974-04-04,False,True
595,"пр. Специалистов, д. 5 к. 516","пр. Специалистов, д. 5 к. 516",True,1986-06-06,False,True
596,"пер. Черняховского, д. 720","пер. Черняховского, д. 720",True,1997-03-13,False,True
597,"ул. Набережная, д. 9/6 к. 1/9","ул. Набережная, д. 9/6 к. 1/9",False,1998-01-07,True,True
598,"наб. 40 лет Победы, д. 1/2 стр. 355","наб. 40 лет Победы, д. 1/2 стр. 355",True,2000-09-04,True,True
599,"алл. Светлая, д. 6/3 стр. 60","алл. Светлая, д. 6/3 стр. 60",True,2013-10-06,False,True
600,"пер. Воронежский, д. 24 к. 13","пер. Воронежский, д. 24 к. 13",False,1977-10-02,True,True
601,"пер. Краснопартизанский, д. 655 к. 5","пер. Краснопартизанский, д. 655 к. 5",False,1972-07-04,True,False
602,"ул. Космическая, д. 99 стр. 7/8","ул. Космическая, д. 99 стр. 7/8",True,1975-07-23,False,True
603,"ул. Ангарская, д. 6/4 стр. 6","ул. Ангарская, д. 6/4 стр. 6",False,1977-08-03,True,False
604,"ул. Строителей, д. 4/6 к. 238","ул. Строителей, д. 4/6 к. 238",True,2009-07-17,True,False
605,"пр. Пограничный, д. 2/5 стр. 978","пр. Пограничный, д. 2/5 стр. 978",True,2015-10-30,False,False
606,"пр. Минина, д. 3","пр. Минина, д. 3",False,1984-12-27,False,True
607,"пер. Ворошилова, д. 21 стр. 2/8","пер. Ворошилова, д. 21 стр. 2/8",False,2018-07-07,True,True
608,"пер. Нахимова, д. 24","пер. Нахимова, д. 24",False,2001-01-04,True,False
609,"пр. Дружба, д. 6/7 к. 71","пр. Дружба, д. 6/7 к. 71",True,1970-12-04,True,True
610,"алл. Прибрежная, д. 221 к. 8","алл. Прибрежная, д. 221 к. 8",False,1980-01-28,False,True
611,"бул. Минский, д. 2/3 к. 558","бул. Минский, д. 2/3 к. 558",False,2003-03-16,False,False
612,"алл. Аэродромная, д. 7","алл. Аэродромная, д. 7",False,2007-04-29,True,True
613,"наб. Шмидта, д. 8/4","наб. Шмидта, д. 8/4",False,2002-02-06,True,True
614,"бул. Республиканский, д. 1/1","бул. Республиканский, д. 1/1",False,1986-07-24,False,False
615,"ш. Рылеева, д. 4 стр. 9","ш. Рылеева, д. 4 стр. 9",False,1983-05-20,True,True
616,"наб. Портовая, д. 105","наб. Портовая, д. 105",False,2002-05-19,True,False
617,"бул. Тульский, д. 5/7 стр. 2/9","бул. Тульский, д. 5/7 стр. 2/9",False,1971-09-01,True,True
618,"алл. Надежды, д. 686","алл. Надежды, д. 686",True,2010-01-14,True,False
619,"ш. Космодемьянской, д. 19 к. 98","ш. Космодемьянской, д. 19 к. 98",True,1994-09-26,True,True
620,"ш. Виноградное, д. 3/2 стр. 561","ш. Виноградное, д. 3/2 стр. 561",False,2018-12-19,True,False
621,"ул. Блюхера, д. 194","ул. Блюхера, д. 194",True,2008-04-23,False,True
622,"алл. Светлая, д. 47","алл. Светлая, д. 47",False,1974-01-01,True,True
623,"пр. Песчаный, д. 7/8 к. 8","пр. Песчаный, д. 7/8 к. 8",True,1996-07-06,True,False
624,"ул. Детская, д. 8","ул. Детская, д. 8",False,2000-01-18,False,True
625,"наб. Пушкина, д. 7/7","наб. Пушкина, д. 7/7",True,2008-04-01,True,True
626,"алл. Коммунальная, д. 67 к. 70","алл. Коммунальная, д. 67 к. 70",True,2005-10-13,False,False
627,"бул. Юбилейный, д. 588","бул. Юбилейный, д. 588",False,1980-07-11,True,True
628,"ул. Олега Кошевого, д. 9/9","ул. Олега Кошевого, д. 9/9",False,1972-01-21,True,True
629,"бул. Таежный, д. 36 стр. 6","бул. Таежный, д. 36 стр. 6",False,1992-01-16,True,True
630,"пер. Приморский, д. 5/4","пер. Приморский, д. 5/4",False,2006-02-01,False,True
631,"бул. 8-е Марта, д. 3/5","бул. 8-е Марта, д. 3/5",True,2018-07-12,False,True
632,"ул. Воровского, д. 23 стр. 1/6","ул. Воровского, д. 23 стр. 1/6",False,1978-10-28,False,False
633,"пр. Челюскинцев, д. 145","пр. Челюскинцев, д. 145",True,1988-09-01,True,True
634,"алл. Первомайская, д. 270","алл. Первомайская, д. 270",False,1986-02-02,False,True
635,"ш. Пушкина, д. 31","ш. Пушкина, д. 31",False,1972-04-21,False,False
636,"ш. Волкова, д. 29","ш. Волкова, д. 29",False,1979-05-06,False,True
637,"алл. Семашко, д. 955 к. 2","алл. Семашко, д. 955 к. 2",False,2002-08-03,False,False
638,"наб. Полтавская, д. 170 к. 718","наб. Полтавская, д. 170 к. 718",False,1999-12-12,True,True
639,"пр. Ленинградский, д. 3/2 к. 53","пр. Ленинградский, д. 3/2 к. 53",True,1977-10-03,True,True
640,"бул. Орловский, д. 2 к. 54","бул. Орловский, д. 2 к. 54",False,1972-10-06,False,True
641,"пер. Октябрьский, д. 7/1","пер. Октябрьский, д. 7/1",True,1982-07-12,True,True
642,"наб. Фабричная, д. 96","наб. Фабричная, д. 96",True,2006-07-23,False,False
643,"бул. Мостовой, д. 275 стр. 2","бул. Мостовой, д. 275 стр. 2",False,1983-09-07,True,True
644,"ш. 40 лет Октября, д. 8/7 стр. 8","ш. 40 лет Октября, д. 8/7 стр. 8",False,1977-03-30,False,False
645,"наб. Виноградная, д. 5 стр. 4/1","наб. Виноградная, д. 5 стр. 4/1",False,2019-07-03,False,True
646,"бул. Пожарского, д. 575","бул. Пожарского, д. 575",True,1980-03-29,False,True
647,"пр. Черноморский, д. 255 к. 164","пр. Черноморский, д. 255 к. 164",False,1977-09-22,False,False
648,"пер. Пирогова, д. 81","пер. Пирогова, д. 81",True,1999-07-24,True,False
649,"бул. Воронежский, д. 6 стр. 9","бул. Воронежский, д. 6 стр. 9",False,2011-08-11,True,False
650,"пр. Прудный, д. 64 к. 8/3","пр. Прудный, д. 64 к. 8/3",True,1997-09-18,False,True
651,"ш. Попова, д. 278","ш. Попова, д. 278",True,1974-06-17,True,True
652,"алл. Отрадная, д. 45","алл. Отрадная, д. 45",False,2008-09-09,True,False
653,"алл. 40 лет Октября, д. 81 стр. 75","алл. 40 лет Октября, д. 81 стр. 75",False,1998-12-04,True,True
654,"бул. Депутатский, д. 4/6","бул. Депутатский, д. 4/6",False,1999-10-30,True,True
655,"бул. Шахтерский, д. 6","бул. Шахтерский, д. 6",False,2012-08-22,False,True
656,"пер. Станиславского, д. 13","пер. Станиславского, д. 13",False,1985-05-16,False,True
657,"наб. Ермака, д. 1/5 стр. 359","наб. Ермака, д. 1/5 стр. 359",True,1977-07-13,True,True
658,"ш. Колхозное, д. 987 к. 8","ш. Колхозное, д. 987 к. 8",True,2005-04-18,False,True
659,"пер. Алтайский, д. 3/6 стр. 43","пер. Алтайский, д. 3/6 стр. 43",True,2016-05-08,True,False
660,"алл. Волкова, д. 78 стр. 821","алл. Волкова, д. 78 стр. 821",True,2014-04-22,True,True
661,"ш. Грибоедова, д. 69 стр. 5/7","ш. Грибоедова, д. 69 стр. 5/7",True,2001-01-19,False,True
662,"ул. Петровская, д. 174 стр. 8","ул. Петровская, д. 174 стр. 8",True,1996-05-15,True,False
663,"ш. Бабушкина, д. 3/2","ш. Бабушкина, д. 3/2",False,1970-04-24,True,True
664,"алл. Фрунзе, д. 54 стр. 8/5","алл. Фрунзе, д. 54 стр. 8/5",False,2005-12-15,True,False
665,"ш. Попова, д. 177 стр. 3/9","ш. Попова, д. 177 стр. 3/9",False,2020-10-07,False,False
666,"ул. Войкова, д. 6 к. 1","ул. Войкова, д. 6 к. 1",False,1994-01-06,False,True
667,"ш. Нахимова, д. 6/8 стр. 277","ш. Нахимова, д. 6/8 стр. 277",True,1995-11-15,False,False
668,"пр. Маркса Карла, д. 30 стр. 16","пр. Маркса Карла, д. 30 стр. 16",False,2012-10-12,False,False
669,"бул. Новосельский, д. 9/9","бул. Новосельский, д. 9/9",True,2009-02-26,True,True
670,"ш. Лесхозное, д. 6/4 к. 276","ш. Лесхозное, д. 6/4 к. 276",False,2009-11-25,False,True
671,"наб. Кошевого, д. 6/2","наб. Кошевого, д. 6/2",False,1981-01-07,True,True
672,"бул. 40 лет Октября, д. 706 к. 2","бул. 40 лет Октября, д. 706 к. 2",False,2019-01-25,True,False
673,"ш. Среднее, д. 42 стр. 3","ш. Среднее, д. 42 стр. 3",False,2003-03-24,True,True
674,"пер. Портовый, д. 8/7 стр. 2/1","пер. Портовый, д. 8/7 стр. 2/1",True,2001-02-14,True,True
675,"бул. Курский, д. 7","бул. Курский, д. 7",True,2012-07-03,True,True
676,"алл. Космодемьянской, д. 3","алл. Космодемьянской, д. 3",True,1978-06-11,True,True
677,"пер. Революционный, д. 574 к. 899","пер. Революционный, д. 574 к. 899",False,2011-09-29,False,False
678,"наб. Кузнецова, д. 21 стр. 1","наб. Кузнецова, д. 21 стр. 1",True,2002-09-12,False,True
679,"пр. Тупиковый, д. 5/2 стр. 576","пр. Тупиковый, д. 5/2 стр. 576",True,2012-08-31,False,False
680,"бул. Краснофлотский, д. 756 к. 765","бул. Краснофлотский, д. 756 к. 765",False,1997-08-17,True,False
681,"пр. Огородный, д. 3","пр. Огородный, д. 3",True,1993-12-23,False,True
682,"пер. Леонова, д. 5/3 стр. 4","пер. Леонова, д. 5/3 стр. 4",False,2002-11-07,False,True
683,"наб. Выгонная, д. 434 стр. 3/5","наб. Выгонная, д. 434 стр. 3/5",True,1979-05-04,True,True
684,"пер. Васильковый, д. 5","пер. Васильковый, д. 5",True,1998-12-10,True,False
685,"пер. Ангарский, д. 71 стр. 64","пер. Ангарский, д. 71 стр. 64",False,1996-03-27,True,True
686,"бул. Большой, д. 2","бул. Большой, д. 2",True,1974-02-08,True,True
687,"наб. Просвещения, д. 313 к. 590","наб. Просвещения, д. 313 к. 590",False,2018-11-26,True,False
688,"бул. Уральский, д. 6/8 к. 875","бул. Уральский, д. 6/8 к. 875",False,1980-09-02,False,False
689,"наб. Жуковского, д. 7/9 стр. 168","наб. Жуковского, д. 7/9 стр. 168",True,1987-12-30,True,True
690,"алл. Короленко, д. 19","алл. Короленко, д. 19",True,2005-02-26,True,True
691,"пр. Кольцевой, д. 1/2 стр. 2/1","пр. Кольцевой, д. 1/2 стр. 2/1",False,1975-08-18,True,True
692,"бул. 50 лет Победы, д. 2 к. 1","бул. 50 лет Победы, д. 2 к. 1",True,1999-06-02,True,False
693,"пер. Шмидта, д. 316 стр. 7/2","пер. Шмидта, д. 316 стр. 7/2",True,1988-03-28,True,False
694,"ул. Гоголя, д. 9 стр. 629","ул. Гоголя, д. 9 стр. 629",False,1985-10-27,False,True
695,"алл. Северная, д. 3/2 к. 3","алл. Северная, д. 3/2 к. 3",True,2012-12-10,False,True
696,"ул. Партизанская, д. 8/6","ул. Партизанская, д. 8/6",True,1970-07-03,True,True
697,"пер. Тимирязева, д. 64 стр. 332","пер. Тимирязева, д. 64 стр. 332",True,1998-02-03,False,True
698,"пр. Специалистов, д. 8 стр. 36","пр. Специалистов, д. 8 стр. 36",False,1990-02-01,False,False
699,"пр. Мирный, д. 24","пр. Мирный, д. 24",True,1991-11-21,False,True
700,"ш. Щетинкина, д. 83","ш. Щетинкина, д. 83",True,1991-02-21,False,True
701,"ул. Привольная, д. 37 стр. 2/6","ул. Привольная, д. 37 стр. 2/6",True,1974-06-08,True,True
702,"ул. Жданова, д. 5 к. 64","ул. Жданова, д. 5 к. 64",False,1973-01-08,True,True
703,"бул. Портовый, д. 7/7","бул. Портовый, д. 7/7",False,2013-06-14,False,False
704,"ул. Автомобилистов, д. 9/6","ул. Автомобилистов, д. 9/6",False,1993-12-14,True,True
705,"пер. Станционный, д. 50 к. 1/4","пер. Станционный, д. 50 к. 1/4",False,1998-06-10,True,True
706,"алл. Пограничная, д. 14","алл. Пограничная, д. 14",False,1995-11-16,True,False
707,"наб. Амурская, д. 5 к. 2","наб. Амурская, д. 5 к. 2",True,1974-09-07,False,True
708,"пр. Энергетический, д. 5/5","пр. Энергетический, д. 5/5",True,2020-02-05,True,True
709,"пр. Целинный, д. 6 стр. 5/6","пр. Целинный, д. 6 стр. 5/6",True,2007-11-10,True,False
710,"ул. Портовая, д. 1/8","ул. Портовая, д. 1/8",True,1970-12-06,True,False
711,"ул. Центральная, д. 408 к. 3/6","ул. Центральная, д. 408 к. 3/6",False,1999-07-12,True,False
712,"пр. Новгородский, д. 9 стр. 5/6","пр. Новгородский, д. 9 стр. 5/6",False,1983-05-11,True,True
713,"наб. Орловская, д. 7","наб. Орловская, д. 7",False,2003-08-10,True,False
714,"бул. Гастелло, д. 7/4 стр. 3/8","бул. Гастелло, д. 7/4 стр. 3/8",False,1985-02-26,False,True
715,"пр. Прибрежный, д. 4/4","пр. Прибрежный, д. 4/4",False,1994-01-07,True,False
716,"бул. Коллективный, д. 5/7","бул. Коллективный, д. 5/7",False,2010-03-15,False,False
717,"бул. Черемушки, д. 6/1","бул. Черемушки, д. 6/1",False,1982-07-26,False,False
718,"ул. Мелиораторов, д. 89","ул. Мелиораторов, д. 89",False,1996-07-28,False,True
719,"пр. Сиреневый, д. 34 стр. 9/5","пр. Сиреневый, д. 34 стр. 9/5",False,1980-06-25,False,False
720,"ш. Большевистское, д. 3/6","ш. Большевистское, д. 3/6",False,1974-05-12,True,True
721,"ул. Металлургов, д. 1/5 стр. 880","ул. Металлургов, д. 1/5 стр. 880",False,2021-09-21,True,True
722,"ш. Тамбовское, д. 4 к. 888","ш. Тамбовское, д. 4 к. 888",False,2007-04-13,False,True
723,"ш. О.Кошевого, д. 9/2 к. 5","ш. О.Кошевого, д. 9/2 к. 5",True,2013-06-27,True,True
724,"ш. Высотное, д. 42","ш. Высотное, д. 42",True,1976-06-26,True,True
725,"алл. Подлесная, д. 8","алл. Подлесная, д. 8",True,2006-02-22,True,True
726,"пр. Рабочий, д. 5","пр. Рабочий, д. 5",True,2013-03-01,False,False
727,"ш. Шишкина, д. 4/3","ш. Шишкина, д. 4/3",False,2018-07-04,True,False
728,"наб. Детская, д. 37 к. 5","наб. Детская, д. 37 к. 5",False,2006-06-30,False,True
729,"пер. Бажова, д. 5/6","пер. Бажова, д. 5/6",True,2012-11-12,False,False
730,"бул. 50 лет ВЛКСМ, д. 9/3 стр. 407","бул. 50 лет ВЛКСМ, д. 9/3 стр. 407",True,2006-08-13,True,False
731,"пер. Механизаторов, д. 6 стр. 9","пер. Механизаторов, д. 6 стр. 9",False,1990-12-30,False,True
732,"алл. Ростовская, д. 5 к. 11","алл. Ростовская, д. 5 к. 11",False,2015-02-17,True,True
733,"ш. Тракторное, д. 3 стр. 338","ш. Тракторное, д. 3 стр. 338",False,1973-11-14,True,False
734,"бул. Степана Разина, д. 213","бул. Степана Разина, д. 213",True,2001-11-17,False,False
735,"пер. Ольховый, д. 2 стр. 6/9","пер. Ольховый, д. 2 стр. 6/9",True,1979-05-13,False,True
736,"пер. Гафури, д. 55 к. 397","пер. Гафури, д. 55 к. 397",True,2001-03-01,False,False
737,"ул. 70 лет Октября, д. 944","ул. 70 лет Октября, д. 944",False,1978-11-22,True,True
738,"ш. Краснознаменное, д. 4 стр. 6/8","ш. Краснознаменное, д. 4 стр. 6/8",True,2018-07-14,True,True
739,"алл. Ореховая, д. 35","алл. Ореховая, д. 35",False,2011-06-01,True,True
740,"алл. Шишкина, д. 449 к. 57","алл. Шишкина, д. 449 к. 57",False,1999-07-20,True,True
741,"пр. Химиков, д. 122 к. 396","пр. Химиков, д. 122 к. 396",True,1983-02-21,True,True
742,"пр. Дачный, д. 763","пр. Дачный, д. 763",False,1999-01-05,True,False
743,"пер. Советов, д. 10 к. 514","пер. Советов, д. 10 к. 514",True,1984-02-26,True,True
744,"алл. Водников, д. 598 к. 13","алл. Водников, д. 598 к. 13",True,2020-10-28,True,False
745,"пр. Демьяна Бедного, д. 8/2 к. 32","пр. Демьяна Бедного, д. 8/2 к. 32",True,1995-05-06,False,False
746,"наб. Ульяновская, д. 512 стр. 1","наб. Ульяновская, д. 512 стр. 1",False,1974-01-19,False,True
747,"бул. Ленский, д. 8 к. 6","бул. Ленский, д. 8 к. 6",True,2016-07-09,False,False
748,"пер. Гражданский, д. 35 к. 47","пер. Гражданский, д. 35 к. 47",False,1971-06-13,False,True
749,"пер. Мельничный, д. 4/6","пер. Мельничный, д. 4/6",True,1972-11-25,False,False
750,"бул. Радужный, д. 6/7 стр. 474","бул. Радужный, д. 6/7 стр. 474",True,2015-11-20,False,False
751,"пр. Полевой, д. 56 стр. 5","пр. Полевой, д. 56 стр. 5",True,1985-02-05,True,True
752,"наб. Ключевая, д. 76 стр. 8/8","наб. Ключевая, д. 76 стр. 8/8",False,1990-10-12,False,False
753,"алл. Лунная, д. 8/9 стр. 9","алл. Лунная, д. 8/9 стр. 9",False,1995-12-05,True,False
754,"ул. Карбышева, д. 8","ул. Карбышева, д. 8",True,2013-11-03,False,False
755,"пер. Зеленый, д. 25 к. 5","пер. Зеленый, д. 25 к. 5",False,1981-09-03,False,False
756,"пер. Абрикосовый, д. 9 к. 8/9","пер. Абрикосовый, д. 9 к. 8/9",True,2007-07-19,True,True
757,"пер. Амурский, д. 2/5","пер. Амурский, д. 2/5",False,2019-10-16,True,True
758,"пер. Авиационный, д. 4","пер. Авиационный, д. 4",False,2003-12-06,True,True
759,"алл. Ольховая, д. 349 стр. 858","алл. Ольховая, д. 349 стр. 858",True,2014-12-08,True,False
760,"наб. Главная, д. 1 стр. 9","наб. Главная, д. 1 стр. 9",True,2006-10-27,False,False
761,"пр. Февральский, д. 882 стр. 4/2","пр. Февральский, д. 882 стр. 4/2",True,2001-03-01,False,True
762,"алл. Алтайская, д. 7 к. 808","алл. Алтайская, д. 7 к. 808",True,2001-08-16,False,False
763,"наб. 30 лет Победы, д. 1","наб. 30 лет Победы, д. 1",True,1991-05-09,False,True
764,"наб. Макарова, д. 625 стр. 6/8","наб. Макарова, д. 625 стр. 6/8",False,1986-10-29,True,False
765,"наб. Нефтяников, д. 777","наб. Нефтяников, д. 777",False,1987-04-13,False,False
766,"ул. Магистральная, д. 7 к. 35","ул. Магистральная, д. 7 к. 35",False,2005-09-12,False,False
767,"наб. Сосновая, д. 3 стр. 784","наб. Сосновая, д. 3 стр. 784",False,1979-08-25,False,False
768,"ш. Промышленное, д. 6/4","ш. Промышленное, д. 6/4",False,2008-10-28,True,False
769,"алл. Промышленная, д. 6/2 стр. 8","алл. Промышленная, д. 6/2 стр. 8",False,1972-11-29,False,True
770,"ул. Розы Люксембург, д. 9/1 к. 1","ул. Розы Люксембург, д. 9/1 к. 1",True,1983-09-04,True,False
771,"бул. Прудовой, д. 6 к. 9","бул. Прудовой, д. 6 к. 9",True,2021-03-18,False,False
772,"ш. Белорусское, д. 743 стр. 7","ш. Белорусское, д. 743 стр. 7",False,1990-08-21,True,True
773,"бул. Производственный, д. 4/9","бул. Производственный, д. 4/9",False,2000-08-03,False,True
774,"пер. Ленинский, д. 5/8 стр. 178","пер. Ленинский, д. 5/8 стр. 178",False,2003-09-24,False,False
775,"пр. Черемушки, д. 46 к. 723","пр. Черемушки, д. 46 к. 723",False,1997-08-27,True,True
776,"наб. Железнодорожная, д. 22 стр. 74","наб. Железнодорожная, д. 22 стр. 74",True,1978-02-04,False,True
777,"алл. Калужская, д. 913","алл. Калужская, д. 913",True,1988-07-15,True,True
778,"ш. Морское, д. 37","ш. Морское, д. 37",False,1990-01-04,False,False
779,"ул. Прудная, д. 6","ул. Прудная, д. 6",True,2021-08-11,True,False
780,"ул. Коминтерна, д. 6/3","ул. Коминтерна, д. 6/3",False,2020-02-17,False,False
781,"ш. Звездное, д. 54","ш. Звездное, д. 54",False,1973-01-23,False,False
782,"алл. Парижской Коммуны, д. 2 к. 152","алл. Парижской Коммуны, д. 2 к. 152",True,2011-08-18,False,False
783,"бул. Моховой, д. 133 стр. 38","бул. Моховой, д. 133 стр. 38",False,1977-04-11,True,False
784,"ул. Толбухина, д. 145 стр. 831","ул. Толбухина, д. 145 стр. 831",True,1994-06-02,False,False
785,"бул. Сиреневый, д. 935 стр. 64","бул. Сиреневый, д. 935 стр. 64",False,1982-12-31,True,False
786,"ул. Правды, д. 6 стр. 60","ул. Правды, д. 6 стр. 60",True,2010-05-13,False,False
787,"ш. Подстанция, д. 97 к. 3","ш. Подстанция, д. 97 к. 3",True,1983-03-04,True,True
788,"пер. Калужский, д. 61 к. 5/7","пер. Калужский, д. 61 к. 5/7",False,1986-06-09,False,True
789,"пр. Депутатский, д. 8","пр. Депутатский, д. 8",True,2014-04-05,True,False
790,"пр. Коммунальный, д. 2/9","пр. Коммунальный, д. 2/9",True,2003-09-28,True,False
791,"ш. Луговое, д. 2/3","ш. Луговое, д. 2/3",False,2017-11-12,True,False
792,"наб. Краснодарская, д. 7/3 к. 3/4","наб. Краснодарская, д. 7/3 к. 3/4",True,2007-02-16,True,True
793,"алл. Металлургов, д. 98","алл. Металлургов, д. 98",True,2007-04-27,False,False
794,"ул. Тракторная, д. 9/4","ул. Тракторная, д. 9/4",True,2019-03-19,False,True
795,"пер. Фрунзе, д. 3 к. 442","пер. Фрунзе, д. 3 к. 442",True,1979-09-10,True,False
796,"наб. Главная, д. 192","наб. Главная, д. 192",False,2020-05-08,False,False
797,"наб. Киевская, д. 26 стр. 64","наб. Киевская, д. 26 стр. 64",True,2008-07-18,True,True
798,"ул. Лесная, д. 11 к. 827","ул. Лесная, д. 11 к. 827",False,1977-09-10,True,True
799,"пер. Радужный, д. 7 к. 69","пер. Радужный, д. 7 к. 69",True,1972-08-19,False,True
800,"ул. Ульяновская, д. 2/6","ул. Ульяновская, д. 2/6",True,2011-09-20,True,False
801,"пр. Ленский, д. 9 к. 8/6","пр. Ленский, д. 9 к. 8/6",True,2015-08-25,True,False
802,"пер. Крупской, д. 201 к. 18","пер. Крупской, д. 201 к. 18",True,1970-07-31,False,False
803,"ш. Матросова, д. 371 к. 70","ш. Матросова, д. 371 к. 70",True,2010-12-20,False,True
804,"пер. Ульяновский, д. 5 к. 94","пер. Ульяновский, д. 5 к. 94",False,1993-04-09,True,True
805,"пер. Театральный, д. 45","пер. Театральный, д. 45",True,2004-12-13,True,False
806,"алл. Казачья, д. 8 стр. 130","алл. Казачья, д. 8 стр. 130",True,1973-03-30,True,False
807,"бул. Путейский, д. 2/9 стр. 3","бул. Путейский, д. 2/9 стр. 3",False,1971-05-20,False,True
808,"пр. Рязанский, д. 265 к. 30","пр. Рязанский, д. 265 к. 30",False,2014-11-12,True,True
809,"ш. Нагорное, д. 63 к. 2","ш. Нагорное, д. 63 к. 2",True,1975-12-25,False,True
810,"наб. Ягодная, д. 63","наб. Ягодная, д. 63",False,1992-09-12,True,True
811,"пер. Совхозный, д. 3","пер. Совхозный, д. 3",True,1984-09-23,True,False
812,"ш. Производственное, д. 626 к. 18","ш. Производственное, д. 626 к. 18",False,1987-06-23,True,True
813,"наб. Полтавская, д. 2/2","наб. Полтавская, д. 2/2",True,1988-08-09,False,False
814,"наб. Снежная, д. 6/7 стр. 11","наб. Снежная, д. 6/7 стр. 11",True,1974-11-22,True,True
815,"бул. Пограничный, д. 9/4 к. 8","бул. Пограничный, д. 9/4 к. 8",True,1975-07-21,True,False
816,"алл. 50 лет Октября, д. 388 к. 359","алл. 50 лет Октября, д. 388 к. 359",False,1996-12-15,False,False
817,"наб. Заовражная, д. 6 к. 5","наб. Заовражная, д. 6 к. 5",True,2003-05-28,False,False
818,"алл. Фадеева, д. 11","алл. Фадеева, д. 11",False,1982-11-06,False,True
819,"наб. Курчатова, д. 9/6 стр. 7","наб. Курчатова, д. 9/6 стр. 7",False,1987-12-07,True,True
820,"ул. Тюленина, д. 537 к. 280","ул. Тюленина, д. 537 к. 280",True,2016-11-09,True,False
821,"бул. Бажова, д. 825","бул. Бажова, д. 825",True,1999-03-03,False,True
822,"ш. Победа, д. 19","ш. Победа, д. 19",True,2006-06-11,False,True
823,"ул. Речная, д. 2 к. 1","ул. Речная, д. 2 к. 1",True,1987-01-11,True,False
824,"ш. Спартака, д. 411 стр. 48","ш. Спартака, д. 411 стр. 48",False,2000-10-22,True,False
825,"ул. Химиков, д. 1 стр. 5/3","ул. Химиков, д. 1 стр. 5/3",False,1991-01-03,False,False
826,"бул. Октябрьский, д. 9/1 к. 7/2","бул. Октябрьский, д. 9/1 к. 7/2",True,1980-11-11,True,False
827,"ул. Ермака, д. 48","ул. Ермака, д. 48",False,2008-05-04,False,True
828,"пер. Кольцова, д. 3 стр. 4","пер. Кольцова, д. 3 стр. 4",True,1973-06-25,False,False
829,"алл. Лермонтова, д. 6/7","алл. Лермонтова, д. 6/7",True,1981-07-14,False,True
830,"наб. Бажова, д. 207 стр. 456","наб. Бажова, д. 207 стр. 456",False,2021-08-09,True,False
831,"пр. Смирнова, д. 589 стр. 8","пр. Смирнова, д. 589 стр. 8",False,1992-05-28,False,True
832,"наб. Локомотивная, д. 460","наб. Локомотивная, д. 460",True,1992-03-08,True,False
833,"пр. Омский, д. 30 к. 4","пр. Омский, д. 30 к. 4",True,1992-04-27,True,True
834,"ул. Герцена, д. 2/7 к. 4","ул. Герцена, д. 2/7 к. 4",False,2019-07-28,False,False
835,"ул. Амурская, д. 4 к. 51","ул. Амурская, д. 4 к. 51",True,1979-01-24,True,False
836,"пр. Жуковского, д. 910","пр. Жуковского, д. 910",True,2017-08-15,False,True
837,"наб. Угловая, д. 23","наб. Угловая, д. 23",False,2017-10-07,False,True
838,"наб. Широкая, д. 23 к. 1","наб. Широкая, д. 23 к. 1",False,1986-11-27,False,True
839,"алл. Ключевая, д. 4/3 стр. 3/9","алл. Ключевая, д. 4/3 стр. 3/9",True,1995-12-22,False,True
840,"бул. Халтурина, д. 904 к. 6/2","бул. Халтурина, д. 904 к. 6/2",True,1984-12-28,False,False
841,"ул. Космодемьянской, д. 422 к. 153","ул. Космодемьянской, д. 422 к. 153",True,1988-10-27,True,True
842,"пр. Кирпичный, д. 2/3 стр. 454","пр. Кирпичный, д. 2/3 стр. 454",False,2001-12-04,False,False
843,"алл. Карла Маркса, д. 448 к. 4/3","алл. Карла Маркса, д. 448 к. 4/3",False,2016-05-24,True,True
844,"ул. Специалистов, д. 114","ул. Специалистов, д. 114",False,1981-06-15,True,False
845,"алл. Победы, д. 1/7","алл. Победы, д. 1/7",True,2001-01-16,False,False
846,"пр. Плеханова, д. 63","пр. Плеханова, д. 63",False,1978-12-19,True,True
847,"ш. Владимирское, д. 20 к. 7","ш. Владимирское, д. 20 к. 7",False,2011-01-16,True,True
848,"пер. Блюхера, д. 6/2 стр. 638","пер. Блюхера, д. 6/2 стр. 638",False,2001-04-30,True,False
849,"пер. Шолохова, д. 8 стр. 2","пер. Шолохова, д. 8 стр. 2",True,1984-07-09,True,True
850,"наб. 50 лет ВЛКСМ, д. 516 стр. 413","наб. 50 лет ВЛКСМ, д. 516 стр. 413",False,1999-09-11,True,True
851,"пер. Челюскинцев, д. 216 к. 493","пер. Челюскинцев, д. 216 к. 493",True,1999-10-29,True,True
852,"ул. Авиационная, д. 1/1","ул. Авиационная, д. 1/1",True,1981-12-12,True,True
853,"ш. Центральное, д. 46","ш. Центральное, д. 46",False,1995-02-08,True,False
854,"пер. Ясный, д. 7/9","пер. Ясный, д. 7/9",False,1987-11-24,True,False
855,"пер. Казанский, д. 4 стр. 977","пер. Казанский, д. 4 стр. 977",False,2017-10-24,False,False
856,"пр. Рыбацкий, д. 8 к. 15","пр. Рыбацкий, д. 8 к. 15",False,1977-01-21,True,False
857,"алл. Красногвардейская, д. 312 стр. 35","алл. Красногвардейская, д. 312 стр. 35",True,1988-08-19,False,True
858,"наб. 8 Марта, д. 207 стр. 6/3","наб. 8 Марта, д. 207 стр. 6/3",True,2004-10-27,False,True
859,"ул. Шахтерская, д. 31 стр. 4/9","ул. Шахтерская, д. 31 стр. 4/9",False,1981-12-06,True,False
860,"пр. Союзный, д. 14 стр. 8","пр. Союзный, д. 14 стр. 8",True,1986-10-13,True,True
861,"бул. Маркса Карла, д. 15 к. 20","бул. Маркса Карла, д. 15 к. 20",False,2006-07-03,True,True
862,"алл. Подгорная, д. 9 к. 5/8","алл. Подгорная, д. 9 к. 5/8",True,1987-05-12,True,True
863,"ш. Шевченко, д. 951 к. 2/6","ш. Шевченко, д. 951 к. 2/6",False,1987-02-16,True,False
864,"пер. Хуторской, д. 4/4 стр. 453","пер. Хуторской, д. 4/4 стр. 453",True,2000-01-12,True,True
865,"бул. Каштановый, д. 75","бул. Каштановый, д. 75",True,1992-02-23,True,True
866,"алл. Радужная, д. 37 стр. 7","алл. Радужная, д. 37 стр. 7",True,2006-06-04,True,False
867,"бул. Амурский, д. 664 стр. 130","бул. Амурский, д. 664 стр. 130",True,2019-04-18,False,False
868,"алл. Энгельса, д. 6/3 к. 13","алл. Энгельса, д. 6/3 к. 13",True,2020-05-20,True,True
869,"ш. Макаренко, д. 64 к. 29","ш. Макаренко, д. 64 к. 29",False,2011-11-04,True,False
870,"алл. Коллективная, д. 245","алл. Коллективная, д. 245",False,1996-02-18,True,False
871,"ш. Малиновое, д. 2","ш. Малиновое, д. 2",True,2021-06-25,True,False
872,"наб. Казачья, д. 1/8 стр. 42","наб. Казачья, д. 1/8 стр. 42",True,1990-12-06,False,False
873,"ул. Ушакова, д. 27 к. 96","ул. Ушакова, д. 27 к. 96",True,1980-10-27,False,False
874,"пр. Литейный, д. 6/5 к. 4/1","пр. Литейный, д. 6/5 к. 4/1",True,2001-10-18,True,True
875,"алл. Морская, д. 783 к. 765","алл. Морская, д. 783 к. 765",False,2003-04-14,False,False
876,"пер. Крайний, д. 2","пер. Крайний, д. 2",True,2014-05-15,True,False
877,"ул. Новосельская, д. 272 стр. 1","ул. Новосельская, д. 272 стр. 1",True,2014-08-24,True,True
878,"наб. Сахалинская, д. 269 к. 9","наб. Сахалинская, д. 269 к. 9",True,2002-02-12,True,False
879,"пр. Сурикова, д. 5","пр. Сурикова, д. 5",False,1992-11-09,False,False
880,"ш. 50 лет Победы, д. 3/6 к. 7","ш. 50 лет Победы, д. 3/6 к. 7",True,2017-06-11,True,True
881,"алл. Интернациональная, д. 558","алл. Интернациональная, д. 558",True,1996-04-18,False,False
882,"пер. Ульяновский, д. 8/3","пер. Ульяновский, д. 8/3",True,2009-03-03,False,False
883,"бул. Грибоедова, д. 81 стр. 98","бул. Грибоедова, д. 81 стр. 98",False,1989-03-01,False,False
884,"пр. Северный, д. 40","пр. Северный, д. 40",True,1977-03-18,True,False
885,"бул. Таманский, д. 4","бул. Таманский, д. 4",True,2012-04-09,False,True
886,"наб. ДОС, д. 71 стр. 104","наб. ДОС, д. 71 стр. 104",False,1975-11-19,False,True
887,"пер. Славянский, д. 5/3 к. 2/2","пер. Славянский, д. 5/3 к. 2/2",True,2020-11-01,False,False
888,"пер. Маркса Карла, д. 3 к. 24","пер. Маркса Карла, д. 3 к. 24",True,2009-07-07,True,True
889,"алл. Радищева, д. 97","алл. Радищева, д. 97",True,1972-05-30,True,True
890,"бул. Ильича, д. 661","бул. Ильича, д. 661",True,1997-09-09,False,True
891,"алл. Коммуны, д. 555","алл. Коммуны, д. 555",True,2012-04-21,True,True
892,"бул. Песочный, д. 70 стр. 784","бул. Песочный, д. 70 стр. 784",True,2016-05-20,True,False
893,"ш. Щетинкина, д. 338 к. 5","ш. Щетинкина, д. 338 к. 5",True,1974-05-16,False,True
894,"ш. Тульское, д. 23 стр. 2/5","ш. Тульское, д. 23 стр. 2/5",False,2002-05-02,False,True
895,"пер. Николаева, д. 815","пер. Николаева, д. 815",True,1978-02-14,False,True
896,"пр. Тракторный, д. 78 к. 8","пр. Тракторный, д. 78 к. 8",False,1997-04-14,True,False
897,"наб. Полтавская, д. 7 к. 63","наб. Полтавская, д. 7 к. 63",True,1986-08-23,False,True
898,"алл. Р.Люксембург, д. 320 стр. 3","алл. Р.Люксембург, д. 320 стр. 3",False,1987-06-05,False,True
899,"алл. О.Кошевого, д. 7/4 стр. 926","алл. О.Кошевого, д. 7/4 стр. 926",False,1979-10-22,False,True
900,"пр. Серафимовича, д. 12 стр. 525","пр. Серафимовича, д. 12 стр. 525",False,1993-04-06,True,True
